"seller_id"	"seller_city"	"seller_state"	"total_orders"	"unique_customers"	"categories_sold"	"total_gmv"	"avg_order_value"	"total_freight"	"freight_pct_of_gmv"	"avg_delivery_days"	"avg_review_score"	"late_delivery_pct"
"4869f7a5dfa277a7dca6462dcf3b52b2"	"guariba"	"SP"	1116	1109	10	225586.34	197.88	19882.63	8.8	14.9	4.14	11.5
"53243585a1d6dc2643021fd1853d8905"	"lauro de freitas"	"BA"	346	338	2	215904.44	542.47	12739.65	5.9	13.3	4.13	3.8
"4a3ca9315b744ce9f8e9374361493884"	"ibitinga"	"SP"	1753	1740	7	194699.12	101.04	34020.52	17.5	14.4	3.83	11.0
"fa1c13f2614d7b5c4749cbc52fecda94"	"sumare"	"SP"	574	571	5	189649.54	329.83	9843.97	5.2	13.3	4.37	9.7
"7c67e1448b00f6e969d365cea6b010ab"	"itaquaquecetuba"	"SP"	967	956	6	185170.23	137.47	50871.98	27.5	22.4	3.35	9.5
"7e93a43ef30c4f03f38b393420bc753a"	"barueri"	"SP"	318	318	7	165751.50	516.36	5955.13	3.6	11.2	4.36	5.3
"da8622b14eb17ae2831f4ac5b9dab84a"	"piracicaba"	"SP"	1305	1267	4	159087.47	103.17	24757.37	15.6	11.1	4.07	7.1
"7a67c85e85bb2ce8582c35f2203ad736"	"sao paulo"	"SP"	1137	1132	2	138608.77	120.84	20481.88	14.8	11.1	4.27	5.8
"1025f0e2d44d7041d6cf58b6550e0bfa"	"sao paulo"	"SP"	902	886	4	137179.80	97.43	33488.13	24.4	12.0	3.86	9.2
"955fee9216a65b617aa5c0531780ce60"	"sao paulo"	"SP"	1253	1249	22	130753.82	89.43	24601.29	18.8	10.7	4.09	8.0
"46dc3b2cc0980fb8ec44634e21d2718e"	"rio de janeiro"	"RJ"	497	497	7	120866.45	234.24	11235.64	9.3	11.7	4.26	6.2
"6560211a19b47992c3666cc44a7e94c0"	"sao paulo"	"SP"	1805	1777	7	119729.83	60.50	27146.35	22.7	9.5	3.95	6.2
"7d13fca15225358621be4086e1eb0964"	"ribeirao preto"	"SP"	555	554	7	112027.29	197.23	8444.92	7.5	15.7	4.02	12.0
"620c87c171fb2a6dd6e8bb4dec959fc6"	"petropolis"	"RJ"	716	703	2	111242.80	145.42	13687.28	12.3	12.8	4.27	9.3
"5dceca129747e92ff8ef7a997dc4f8ca"	"santa barbara d´oeste"	"SP"	318	314	6	109459.93	322.89	13431.23	12.3	11.2	4.02	5.9
"1f50f920176fa81dab994f9023523100"	"sao jose do rio preto"	"SP"	1394	1378	3	106226.51	55.38	34884.57	32.8	15.4	3.99	9.2
"cc419e0650a3c5ba77189a1882b7556a"	"santo andre"	"SP"	1647	1603	4	100837.00	58.80	24811.65	24.6	11.6	4.14	6.0
"a1043bafd471dff536d0c462352beb48"	"ilicinea"	"MG"	700	696	3	99011.23	132.01	31022.77	31.3	13.6	4.25	5.6
"3d871de0142ce09b7081e2b9d1733cb1"	"campo limpo paulista"	"SP"	1053	1047	6	92405.00	82.58	21850.24	23.6	13.4	4.15	5.9
"edb1ef5e36e0c8cd84eb3c9b003e486d"	"teresopolis"	"RJ"	165	163	1	79144.90	454.86	3886.24	4.9	11.7	4.45	7.5
"ccc4bbb5f32a6ab2b7066a4130f114e3"	"curitiba"	"PR"	183	182	2	72576.82	386.05	5145.91	7.1	15.9	4.32	7.4
"f7ba60f8c3f99e7ee4042fdef03b70c4"	"sao bernardo do campo"	"SP"	218	218	2	68070.00	297.25	4317.94	6.3	13.1	4.22	16.6
"fe2032dab1a61af8794248c8196565c9"	"campinas"	"SP"	289	288	2	64935.71	215.73	4643.70	7.2	10.4	4.40	8.3
"8581055ce74af1daba164fdbd55a40de"	"guarulhos"	"SP"	378	369	1	63828.37	150.18	9433.50	14.8	12.8	4.26	9.9
"cca3071e3e9bb7d12640c9fbe2301306"	"ibitinga"	"SP"	688	677	6	61809.47	77.26	13895.19	22.5	14.2	3.88	5.3
"04308b1ee57b6625f47df1d56f00eedf"	"bombinhas"	"SC"	92	92	1	58991.80	641.22	2948.82	5.0	18.9	3.95	12.0
"522620dcb18a6b31cd7bdf73665113a9"	"cascavel"	"PR"	169	168	11	55697.70	318.27	4527.99	8.1	15.2	3.91	9.7
"de722cd6dad950a92b7d4f82673f8833"	"recife"	"PE"	336	335	2	54976.40	146.21	9622.70	17.5	12.7	4.17	3.7
"37be5a7c751166fbc5f8ccba4119e043"	"sao paulo"	"SP"	266	262	2	54120.55	196.80	5950.40	11.0	10.6	4.33	2.5
"25c5c91f63607446a97b143d2d535d31"	"itauna"	"MG"	155	149	2	54053.90	203.98	6929.08	12.8	13.8	3.75	5.7
"7ddcbb64b5bc1ef36ca8c151f6ec77df"	"sao paulo"	"SP"	322	321	9	53928.69	162.93	7677.41	14.2	12.6	3.98	8.2
"218d46b86c1881d022bce9c68a7d4b15"	"ribeirao preto"	"SP"	380	371	3	53490.30	127.97	7420.49	13.9	13.8	4.17	9.1
"17e34d8224d27a541263c4c64b11a56b"	"riberao preto"	"SP"	245	244	12	51453.19	199.43	4893.57	9.5	14.0	4.20	8.1
"f5a590cf36251cf1162ea35bef76fe84"	"sao bernardo do campo"	"SP"	113	113	4	51232.78	434.18	4134.18	8.1	11.8	4.28	10.2
"e882b2a25a10b9c057cc49695f222c19"	"teresopolis"	"RJ"	57	56	8	51057.54	880.30	2856.22	5.6	9.5	4.59	0.0
"ceaec5548eefc6e23e6607c5435102e7"	"sao paulo"	"SP"	195	193	7	50838.19	250.43	6113.63	12.0	12.8	4.20	5.4
"2bf6a2c1e71bbd29a4ad64e6d3c3629f"	"nova friburgo"	"RJ"	30	30	2	50628.90	1633.19	1000.59	2.0	13.4	4.19	9.7
"f8db351d8c4c4c22c6835c19a46f01b0"	"salto"	"SP"	656	654	20	49941.90	70.24	12354.23	24.7	9.9	4.25	5.9
"17f51e7198701186712e53a39c564617"	"sao paulo"	"SP"	56	56	1	48019.00	787.20	9793.43	20.4	22.8	4.34	8.2
"b2ba3715d723d245138f291a6fe42594"	"sao paulo"	"SP"	321	320	27	47377.48	136.53	6084.39	12.8	13.9	4.20	8.4
"966cb4760537b1404caedd472cc610a5"	"diadema"	"SP"	67	66	1	45928.26	685.50	1504.31	3.3	10.0	4.13	3.0
"8160255418d5aaa7dbdc9f4c64ebda44"	"ibitinga"	"SP"	376	374	4	45725.89	109.13	7599.24	16.6	16.7	3.85	17.7
"77530e9772f57a62c906e1c21538ab82"	"curitiba"	"PR"	312	308	2	45676.60	119.89	8274.71	18.1	15.1	4.08	11.5
"4e922959ae960d389249c378d1c939f5"	"jacarei"	"SP"	408	407	24	44954.42	101.71	7084.26	15.8	14.6	3.90	10.6
"c826c40d7b19f62a09e2d7c5e7295ee2"	"guarulhos"	"SP"	345	345	2	44530.05	122.34	5426.06	12.2	13.1	4.09	8.8
"b33e7c55446eabf8fe1a42d037ac7d6d"	"pradopolis"	"SP"	149	149	5	44215.17	290.89	2656.38	6.0	16.4	4.19	13.2
"ba90964cff9b9e0e6f32b23b82465f7b"	"guarulhos"	"SP"	38	38	5	44212.50	1163.49	1311.00	3.0	10.0	4.42	5.3
"850f4f8af5ea87287ac68de36e29107f"	"sao paulo"	"SP"	183	183	4	43589.37	233.10	3005.79	6.9	10.1	4.29	6.4
"eeb6de78f79159600292e314a77cbd18"	"lages"	"SC"	82	81	3	43510.84	524.23	2996.05	6.9	12.1	4.42	3.6
"4d6d651bd7684af3fffabd5f08d12e5a"	"jau"	"SP"	362	349	3	42929.10	110.64	7774.77	18.1	13.1	4.20	4.6




Query 2 — Seller Performance Scorecard
Business question: Can we classify sellers into performance tiers?
Why it matters: This is how real marketplace operations teams decide who gets promoted in search results, who gets coaching, and who gets removed. You're building the exact framework used at Amazon, Shopify, and Mercado Livre.


"seller_id"	"seller_state"	"total_orders"	"total_gmv"	"avg_delivery_days"	"avg_review_score"	"late_delivery_pct"	"freight_pct"	"seller_tier"
"4869f7a5dfa277a7dca6462dcf3b52b2"	"SP"	1116	225586.34	14.9	4.14	11.5	8.8	"Gold — Strong seller"
"53243585a1d6dc2643021fd1853d8905"	"BA"	346	215904.44	13.3	4.13	3.8	5.9	"Gold — Strong seller"
"4a3ca9315b744ce9f8e9374361493884"	"SP"	1753	194699.12	14.4	3.83	11.0	17.5	"Silver — Average seller"
"fa1c13f2614d7b5c4749cbc52fecda94"	"SP"	574	189649.54	13.3	4.37	9.7	5.2	"Gold — Strong seller"
"7c67e1448b00f6e969d365cea6b010ab"	"SP"	967	185170.23	22.4	3.35	9.5	27.5	"Bronze — At-risk seller"
"7e93a43ef30c4f03f38b393420bc753a"	"SP"	318	165751.50	11.2	4.36	5.3	3.6	"Platinum — Elite seller"
"da8622b14eb17ae2831f4ac5b9dab84a"	"SP"	1305	159087.47	11.1	4.07	7.1	15.6	"Gold — Strong seller"
"7a67c85e85bb2ce8582c35f2203ad736"	"SP"	1137	138608.77	11.1	4.27	5.8	14.8	"Platinum — Elite seller"
"1025f0e2d44d7041d6cf58b6550e0bfa"	"SP"	902	137179.80	12.0	3.86	9.2	24.4	"Silver — Average seller"
"955fee9216a65b617aa5c0531780ce60"	"SP"	1253	130753.82	10.7	4.09	8.0	18.8	"Gold — Strong seller"
"46dc3b2cc0980fb8ec44634e21d2718e"	"RJ"	497	120866.45	11.7	4.26	6.2	9.3	"Platinum — Elite seller"
"6560211a19b47992c3666cc44a7e94c0"	"SP"	1805	119729.83	9.5	3.95	6.2	22.7	"Silver — Average seller"
"7d13fca15225358621be4086e1eb0964"	"SP"	555	112027.29	15.7	4.02	12.0	7.5	"Silver — Average seller"
"620c87c171fb2a6dd6e8bb4dec959fc6"	"RJ"	716	111242.80	12.8	4.27	9.3	12.3	"Gold — Strong seller"
"5dceca129747e92ff8ef7a997dc4f8ca"	"SP"	318	109459.93	11.2	4.02	5.9	12.3	"Gold — Strong seller"
"1f50f920176fa81dab994f9023523100"	"SP"	1394	106226.51	15.4	3.99	9.2	32.8	"Silver — Average seller"
"cc419e0650a3c5ba77189a1882b7556a"	"SP"	1647	100837.00	11.6	4.14	6.0	24.6	"Gold — Strong seller"
"a1043bafd471dff536d0c462352beb48"	"MG"	700	99011.23	13.6	4.25	5.6	31.3	"Gold — Strong seller"
"3d871de0142ce09b7081e2b9d1733cb1"	"SP"	1053	92405.00	13.4	4.15	5.9	23.6	"Gold — Strong seller"
"edb1ef5e36e0c8cd84eb3c9b003e486d"	"RJ"	165	79144.90	11.7	4.45	7.5	4.9	"Platinum — Elite seller"
"ccc4bbb5f32a6ab2b7066a4130f114e3"	"PR"	183	72576.82	15.9	4.32	7.4	7.1	"Silver — Average seller"
"f7ba60f8c3f99e7ee4042fdef03b70c4"	"SP"	218	68070.00	13.1	4.22	16.6	6.3	"Gold — Strong seller"
"fe2032dab1a61af8794248c8196565c9"	"SP"	289	64935.71	10.4	4.40	8.3	7.2	"Platinum — Elite seller"
"8581055ce74af1daba164fdbd55a40de"	"SP"	378	63828.37	12.8	4.26	9.9	14.8	"Gold — Strong seller"
"cca3071e3e9bb7d12640c9fbe2301306"	"SP"	688	61809.47	14.2	3.88	5.3	22.5	"Silver — Average seller"
"04308b1ee57b6625f47df1d56f00eedf"	"SC"	92	58991.80	18.9	3.95	12.0	5.0	"Silver — Average seller"
"522620dcb18a6b31cd7bdf73665113a9"	"PR"	169	55697.70	15.2	3.91	9.7	8.1	"Silver — Average seller"
"de722cd6dad950a92b7d4f82673f8833"	"PE"	336	54976.40	12.7	4.17	3.7	17.5	"Gold — Strong seller"
"37be5a7c751166fbc5f8ccba4119e043"	"SP"	266	54120.55	10.6	4.33	2.5	11.0	"Platinum — Elite seller"
"25c5c91f63607446a97b143d2d535d31"	"MG"	155	54053.90	13.8	3.75	5.7	12.8	"Silver — Average seller"
"7ddcbb64b5bc1ef36ca8c151f6ec77df"	"SP"	322	53928.69	12.6	3.98	8.2	14.2	"Silver — Average seller"
"218d46b86c1881d022bce9c68a7d4b15"	"SP"	380	53490.30	13.8	4.17	9.1	13.9	"Gold — Strong seller"
"17e34d8224d27a541263c4c64b11a56b"	"SP"	245	51453.19	14.0	4.20	8.1	9.5	"Gold — Strong seller"
"f5a590cf36251cf1162ea35bef76fe84"	"SP"	113	51232.78	11.8	4.28	10.2	8.1	"Gold — Strong seller"
"e882b2a25a10b9c057cc49695f222c19"	"RJ"	57	51057.54	9.5	4.59	0.0	5.6	"Platinum — Elite seller"
"ceaec5548eefc6e23e6607c5435102e7"	"SP"	195	50838.19	12.8	4.20	5.4	12.0	"Gold — Strong seller"
"2bf6a2c1e71bbd29a4ad64e6d3c3629f"	"RJ"	30	50628.90	13.4	4.19	9.7	2.0	"Gold — Strong seller"
"f8db351d8c4c4c22c6835c19a46f01b0"	"SP"	656	49941.90	9.9	4.25	5.9	24.7	"Platinum — Elite seller"
"17f51e7198701186712e53a39c564617"	"SP"	56	48019.00	22.8	4.34	8.2	20.4	"Silver — Average seller"
"b2ba3715d723d245138f291a6fe42594"	"SP"	321	47377.48	13.9	4.20	8.4	12.8	"Gold — Strong seller"
"966cb4760537b1404caedd472cc610a5"	"SP"	67	45928.26	10.0	4.13	3.0	3.3	"Gold — Strong seller"
"8160255418d5aaa7dbdc9f4c64ebda44"	"SP"	376	45725.89	16.7	3.85	17.7	16.6	"Silver — Average seller"
"77530e9772f57a62c906e1c21538ab82"	"PR"	312	45676.60	15.1	4.08	11.5	18.1	"Silver — Average seller"
"4e922959ae960d389249c378d1c939f5"	"SP"	408	44954.42	14.6	3.90	10.6	15.8	"Silver — Average seller"
"c826c40d7b19f62a09e2d7c5e7295ee2"	"SP"	345	44530.05	13.1	4.09	8.8	12.2	"Gold — Strong seller"
"b33e7c55446eabf8fe1a42d037ac7d6d"	"SP"	149	44215.17	16.4	4.19	13.2	6.0	"Silver — Average seller"
"ba90964cff9b9e0e6f32b23b82465f7b"	"SP"	38	44212.50	10.0	4.42	5.3	3.0	"Platinum — Elite seller"
"850f4f8af5ea87287ac68de36e29107f"	"SP"	183	43589.37	10.1	4.29	6.4	6.9	"Platinum — Elite seller"
"eeb6de78f79159600292e314a77cbd18"	"SC"	82	43510.84	12.1	4.42	3.6	6.9	"Gold — Strong seller"
"4d6d651bd7684af3fffabd5f08d12e5a"	"SP"	362	42929.10	13.1	4.20	4.6	18.1	"Gold — Strong seller"
"c3cfdc648177fdbbbb35635a37472c53"	"PR"	277	42868.19	9.6	4.45	2.3	14.1	"Platinum — Elite seller"
"b839e41795b7f3ad94cc2014a52f6796"	"SP"	33	42829.00	6.9	4.03	2.8	2.2	"Gold — Strong seller"
"e9779976487b77c6d4ac45f75ec7afe9"	"SP"	642	42021.22	9.8	4.20	7.3	23.6	"Platinum — Elite seller"
"834f3294fba9f932f56edc879193f925"	"SP"	66	39907.50	14.3	4.55	6.1	10.8	"Gold — Strong seller"
"17a053fcb14bd219540cbde0df490be0"	"SP"	122	39733.44	11.6	4.23	7.5	21.8	"Platinum — Elite seller"
"d91fb3b7d041e83b64a00a3edfb37e4f"	"SP"	520	39616.34	11.2	4.15	6.1	22.8	"Gold — Strong seller"
"391fc6631aebcf3004804e51b40bcf1e"	"SP"	518	39311.11	14.2	3.98	9.5	25.5	"Silver — Average seller"
"634964b17796e64304cadf1ad3050fb7"	"RJ"	265	39114.10	14.5	3.87	9.6	15.1	"Silver — Average seller"
"712e6ed8aa4aa1fa65dab41fed5737e4"	"SC"	76	38796.00	23.3	3.46	20.2	17.3	"Bronze — At-risk seller"
"2eb70248d66e0e3ef83659f71b244378"	"SP"	184	37624.95	17.9	2.81	13.9	8.0	"Bronze — At-risk seller"
"7142540dd4c91e2237acb7e911c4eba2"	"SP"	314	37012.14	14.8	4.06	8.0	18.4	"Gold — Strong seller"
"7178f9f4dd81dcef02f62acdf8151e01"	"SC"	201	36755.50	15.7	4.05	4.7	11.9	"Silver — Average seller"
"ea8482cd71df3c1969d7b9473ff13abc"	"SP"	1126	36408.84	13.3	3.98	10.3	47.2	"Silver — Average seller"
"c70c1b0d8ca86052f45a432a38b73958"	"SP"	258	35958.19	7.7	4.32	8.1	10.8	"Platinum — Elite seller"
"06a2c3af7b3aee5d69171b0e14f0ee87"	"MA"	385	35529.05	17.6	4.02	22.5	33.5	"Silver — Average seller"
"c3867b4666c7d76867627c2f7fb22e21"	"SP"	226	34368.90	15.2	4.02	10.9	13.6	"Silver — Average seller"
"7299e27ed73d2ad986de7f7c77d919fa"	"MG"	335	34107.44	11.3	4.43	4.7	20.0	"Platinum — Elite seller"
"e9bc59e7b60fc3063eb2290deda4cced"	"PR"	209	33543.69	14.6	4.03	12.7	13.5	"Gold — Strong seller"
"1835b56ce799e6a4dc4eddc053f04066"	"SP"	414	32788.38	12.8	3.62	10.6	26.0	"Silver — Average seller"
"dbc22125167c298ef99da25668e1011f"	"MG"	393	32788.22	11.4	4.27	2.4	23.7	"Platinum — Elite seller"
"5c243662ce92d84573bfaff24c3e3700"	"SP"	97	32752.12	10.7	4.13	3.0	5.4	"Gold — Strong seller"
"9c0e69c7bf2619675bbadf47b43f655a"	"SP"	150	32368.59	15.2	4.12	9.6	8.7	"Silver — Average seller"
"2528513dd95219a6013d4d05176e391a"	"SP"	157	31763.20	10.6	3.96	5.5	11.5	"Silver — Average seller"
"0241d4d5d36f10f80c644447315af0bd"	"PR"	237	31317.80	10.9	4.31	5.7	21.8	"Platinum — Elite seller"
"76d5af76d0271110f9af36c92573f765"	"SP"	127	31285.70	11.6	4.10	8.4	12.0	"Gold — Strong seller"
"88460e8ebdecbfecb5f9601833981930"	"PR"	245	31244.15	18.2	3.36	19.4	15.8	"Bronze — At-risk seller"
"70eea00b476a314817cefde4aad4f89a"	"SP"	105	31154.85	13.4	4.38	7.2	8.7	"Gold — Strong seller"
"7681ef142fd2c19048da7430856b5588"	"SP"	57	31095.81	9.9	4.16	9.5	9.1	"Gold — Strong seller"
"87142160b41353c4e5fca2360caf6f92"	"RS"	304	31061.08	10.8	4.36	5.6	23.2	"Platinum — Elite seller"
"e59aa562b9f8076dd550fcddf0e73491"	"PR"	69	30716.30	13.7	4.33	8.5	7.0	"Gold — Strong seller"
"855668e0971d4dfd7bef1b6a4133b41b"	"SP"	296	30313.25	15.9	3.83	13.4	24.4	"Silver — Average seller"
"70a12e78e608ac31179aea7f8422044b"	"SP"	310	29823.53	14.7	3.79	10.9	18.4	"Silver — Average seller"
"53e4c6e0f4312d4d2107a8c9cddf45cd"	"SP"	461	29452.78	12.1	4.08	5.3	32.9	"Gold — Strong seller"
"d23019c84ffae2d5ef2270367b8605fc"	"PR"	39	29205.10	11.3	4.41	2.6	9.4	"Platinum — Elite seller"
"1554a68530182680ad5c8b042c3ab563"	"MG"	244	28617.44	14.0	4.27	6.8	23.3	"Gold — Strong seller"
"0b90b6df587eb83608a64ea8b390cf07"	"PR"	162	28408.76	14.3	4.02	2.9	12.6	"Gold — Strong seller"
"900ba814c251a692506d7834c1218441"	"SP"	84	27826.35	12.3	4.23	13.1	8.2	"Gold — Strong seller"
"59b22a78efb79a4797979612b885db36"	"MG"	124	26985.50	12.5	3.97	12.9	18.0	"Silver — Average seller"
"d1c281d3ae149232351cd8c8cc885f0d"	"SP"	212	26657.63	12.5	3.80	8.9	19.9	"Silver — Average seller"
"b32be1695eb7ec5f10f72d9610a12527"	"RS"	43	26276.00	12.4	4.16	4.5	11.1	"Gold — Strong seller"
"12b9676b00f60f3b700e83af21824c0e"	"RS"	132	26177.00	14.9	4.55	1.5	13.2	"Gold — Strong seller"
"a3a38f4affed601eb87a97788c949667"	"SC"	249	26074.63	12.4	4.40	4.3	19.7	"Gold — Strong seller"
"de23c3b98a88888289c6f5cc1209054a"	"SP"	161	25933.67	10.8	4.31	9.0	10.2	"Platinum — Elite seller"
"9f505651f4a6abe901a56cdc21508025"	"SP"	390	25750.87	8.2	4.31	4.7	23.0	"Platinum — Elite seller"
"7e1fb0a3ebfb01ffb3a7dae98bf3238d"	"SP"	153	25703.53	15.5	4.16	13.2	11.1	"Silver — Average seller"
"16090f2ca825584b5a147ab24aa30c86"	"SP"	396	25495.87	9.3	4.07	10.9	21.1	"Gold — Strong seller"
"a416b6a846a11724393025641d4edd5e"	"SP"	157	24930.24	12.6	4.22	12.5	11.8	"Gold — Strong seller"
"c003204e1ab016dfa150abc119207b24"	"SP"	195	24904.29	9.7	4.44	6.5	18.9	"Platinum — Elite seller"
"1c68394e931a64f90ea236c5ea590300"	"PR"	142	24832.75	15.8	3.93	3.5	11.7	"Silver — Average seller"
"f62d7bb4a613ec758a03342d46b580b2"	"MG"	32	24665.00	13.9	4.38	12.5	8.6	"Gold — Strong seller"
"1900267e848ceeba8fa32d80c1a5f5a8"	"SP"	399	24301.80	12.8	3.87	9.9	32.6	"Silver — Average seller"
"001cca7ae9ae17fb1caed9dfb1094831"	"ES"	192	24177.03	12.9	3.97	5.2	35.4	"Silver — Average seller"
"b94cc9f10ddc85e4ba73a6f7974e7101"	"RJ"	37	24096.30	10.2	4.30	5.4	4.1	"Platinum — Elite seller"
"dc4a0fc896dc34b0d5bfec8438291c80"	"SP"	225	23655.98	13.8	3.82	6.6	19.0	"Silver — Average seller"
"2b3e4a2a3ea8e01938cabda2a3e5cc79"	"SP"	52	23629.15	8.7	4.39	0.0	3.8	"Platinum — Elite seller"
"612170e34b97004b3ba37eae81836b4c"	"RS"	107	23065.02	10.9	4.43	1.8	10.0	"Platinum — Elite seller"
"1a3df491d1c4f1589fc2b934ada68bf2"	"SC"	160	22472.40	15.0	4.25	5.3	18.1	"Gold — Strong seller"
"744dac408745240a2c2528fb1b6028f3"	"PR"	78	22322.60	11.1	4.55	1.2	8.4	"Platinum — Elite seller"
"710e3548e02bc1d2831dfc4f1b5b14d4"	"PR"	130	22259.26	14.1	3.46	3.7	16.6	"Bronze — At-risk seller"
"ff69aa92bb6b1bf9b8b7a51c2ed9cf8b"	"SP"	20	21940.80	11.5	3.65	25.0	8.0	"Silver — Average seller"
"f45122a9ab94eb4f3f8953578bc0c560"	"SP"	184	21764.68	12.5	3.92	7.1	15.1	"Silver — Average seller"
"897060da8b9a21f655304d50fd935913"	"SP"	301	21654.91	14.4	3.47	11.2	29.8	"Bronze — At-risk seller"
"7ad32824caee82087b3e2e5f33b1bf32"	"SP"	144	21545.10	11.1	3.79	11.3	15.9	"Silver — Average seller"
"8444e55c1f13cd5c179851e5ca5ebd00"	"MG"	92	21480.96	21.3	3.16	10.8	9.1	"Bronze — At-risk seller"
"06e5eefc71ec47ae763c5c6f8db7064f"	"RS"	88	21358.69	11.0	3.96	2.2	9.8	"Silver — Average seller"
"7b0df942f46435babab05d49b744b2c4"	"SP"	31	21311.91	11.0	4.39	9.7	3.0	"Platinum — Elite seller"
"05ff92fedb5be47920fea08e501238b9"	"RS"	57	21235.98	12.3	4.28	5.0	8.2	"Gold — Strong seller"
"59fb871bf6f4522a87ba567b42dafecf"	"SP"	123	21178.60	12.1	4.26	6.4	9.5	"Gold — Strong seller"
"8f2ce03f928b567e3d56181ae20ae952"	"SP"	150	21113.30	14.3	4.12	14.0	17.7	"Gold — Strong seller"
"d2374cbcbb3ca4ab1086534108cc3ab7"	"SP"	509	20665.22	14.3	3.69	5.4	45.2	"Silver — Average seller"
"00ee68308b45bc5e2660cd833c3f81cc"	"SP"	134	20122.00	9.2	4.33	8.2	15.7	"Platinum — Elite seller"
"48162d548f5b1b11b9d29d1e01f75a61"	"SP"	66	20109.39	11.2	3.82	2.2	10.2	"Silver — Average seller"
"729f06993dac8e860d4f02d7088ca48a"	"SP"	93	19485.28	10.8	4.33	9.8	24.8	"Platinum — Elite seller"
"004c9cd9d87a3c30c522c48c4fc07416"	"SP"	154	19396.75	14.3	4.16	7.8	18.0	"Gold — Strong seller"
"bfd27a966d91cfaafdb25d076585f0da"	"SP"	113	19180.00	12.4	4.32	5.3	13.7	"Gold — Strong seller"
"dc317f341ab0e22f39acbd9dbf9b4a1f"	"RS"	55	18988.40	12.2	4.12	5.2	18.9	"Gold — Strong seller"
"f457c46070d02cadd8a68551231220dd"	"PR"	194	18710.30	14.5	3.80	6.6	19.4	"Silver — Average seller"
"96493fab2fbb13a14d0c0e8772eef5c3"	"SP"	62	18600.00	13.4	4.03	6.3	6.4	"Gold — Strong seller"
"d650b663c3b5f6fb392b6326366efa9a"	"SP"	57	18335.90	9.8	4.37	7.0	4.6	"Platinum — Elite seller"
"0dd184061fb0eaa7ca37932c68ab91c5"	"SP"	160	18326.92	11.3	3.95	9.9	28.9	"Silver — Average seller"
"44073f8b7e41514de3b7815dd0237f4f"	"DF"	141	18310.64	13.2	3.75	4.7	17.0	"Silver — Average seller"
"cd68562d3f44870c08922d380acae552"	"SP"	121	18003.70	16.6	3.91	19.5	11.9	"Silver — Average seller"
"527801b552d0077ffd170872eb49683b"	"SP"	89	17833.90	12.8	4.48	8.8	11.4	"Gold — Strong seller"
"a888faf2d1baececa6baf9c3d603ee1f"	"PR"	53	17564.80	17.9	4.11	14.8	6.3	"Silver — Average seller"
"9de4643a8dbde634fe55621059d92273"	"SC"	72	17560.34	15.0	4.53	6.2	9.8	"Gold — Strong seller"
"c72de06d72748d1a0dfb2125be43ba63"	"BA"	21	17522.00	9.7	4.45	0.0	6.9	"Platinum — Elite seller"
"165fc07beebdcb6190fba8a06db2a449"	"PR"	50	17481.40	13.5	3.69	12.5	9.2	"Silver — Average seller"
"821fb029fc6e495ca4f08a35d51e53a5"	"SP"	23	17462.62	16.3	3.50	33.3	7.7	"Silver — Average seller"
"8b321bb669392f5163d04c59e235e066"	"SP"	926	17175.45	12.6	4.02	10.3	80.8	"Gold — Strong seller"
"0c8380b62e38e8a1e6adbeba7eb9688c"	"MG"	178	17104.59	12.6	4.06	5.1	23.6	"Gold — Strong seller"
"1e8b33f18b4f7598d87f5cbee2282cc2"	"SP"	120	17071.76	7.8	4.31	4.4	15.6	"Platinum — Elite seller"
"76d64c4aca3a7baf218bf93ef7fa768d"	"PR"	64	16911.80	10.7	4.13	2.9	21.0	"Gold — Strong seller"
"94144541854e298c2d976cb893b81343"	"RS"	67	16826.38	12.2	4.33	2.7	8.4	"Gold — Strong seller"
"54a1852d1b8f10312c55e906355666ee"	"SP"	197	16806.47	11.6	4.37	10.0	19.9	"Platinum — Elite seller"
"abe42c5d03695b4257b5c6cbf4e6784e"	"RJ"	48	16561.00	14.0	3.96	14.6	5.6	"Silver — Average seller"
"8ae520247981aa06bc94abddf5f46d34"	"SC"	65	16320.99	11.0	4.45	1.5	8.9	"Platinum — Elite seller"
"41b39e28db005d9731d9d485a83b4c38"	"SP"	187	16306.75	12.5	4.23	5.8	23.0	"Gold — Strong seller"
"4a3ccda38b2129705f3fb522db62ca31"	"SP"	64	16169.09	13.4	3.81	9.6	8.3	"Silver — Average seller"
"ef0ace09169ac090589d85746e3e036f"	"RJ"	128	16105.40	12.6	4.37	7.9	14.3	"Gold — Strong seller"
"1f1bb1f0859883505541bdd6606193e5"	"SP"	27	16040.84	14.2	4.31	10.3	3.3	"Gold — Strong seller"
"7aa4334be125fcdd2ba64b3180029f14"	"SP"	213	15957.15	16.0	4.08	13.6	27.0	"Silver — Average seller"
"86ccac0b835037332a596a33b6949ee1"	"SC"	177	15864.35	11.9	4.03	2.9	24.4	"Gold — Strong seller"
"fa40cc5b934574b62717c68f3d678b6d"	"SP"	303	15835.58	11.2	4.45	6.0	28.3	"Platinum — Elite seller"
"4b9750c8ad28220fe6702d4ecb7c898f"	"SP"	217	15815.40	9.4	4.35	7.7	21.2	"Platinum — Elite seller"
"d921b68bf747894be13a97ae52b0f386"	"MG"	77	15645.80	10.0	4.56	1.3	11.2	"Platinum — Elite seller"
"6061155addc1e54b4cfb51c1c2a32ad8"	"SP"	28	15633.40	5.8	4.70	3.0	5.6	"Platinum — Elite seller"
"0adac9fbd9a2b63cccaac4f8756c1ca8"	"SP"	106	15557.60	12.8	4.01	5.2	15.4	"Gold — Strong seller"
"2a5b78b41cd05baeac8df54c6606b92c"	"MG"	46	15554.28	9.3	4.30	1.8	6.6	"Platinum — Elite seller"
"c33847515fa6305ce6feb1e818569f13"	"SC"	114	15519.85	9.6	3.72	4.7	28.2	"Silver — Average seller"
"229c3efbfb0ea2058de4ccdfbc3d784a"	"MG"	117	15345.00	10.8	3.64	2.1	14.8	"Silver — Average seller"
"f9244d45189d3a3605499abddeade7d5"	"SP"	20	15081.44	15.2	4.35	0.0	5.4	"Silver — Average seller"
"85d9eb9ddc5d00ca9336a2219c97bb13"	"MG"	496	15026.54	14.8	4.21	3.5	55.9	"Gold — Strong seller"
"213b25e6f54661939f11710a6fddb871"	"SP"	151	14993.45	15.3	3.82	11.2	22.2	"Silver — Average seller"
"e5a38146df062edaf55c38afa99e42dc"	"SP"	119	14970.99	11.7	3.97	8.1	12.4	"Silver — Average seller"
"2a84855fd20af891be03bc5924d2b453"	"MG"	154	14970.10	8.6	4.36	3.2	21.8	"Platinum — Elite seller"
"79ebd9a61bac3eaf882805ed4ecfa12a"	"PR"	133	14783.09	15.3	4.02	5.7	26.7	"Silver — Average seller"
"01fdefa7697d26ad920e9e0346d4bd1b"	"PR"	127	14712.63	10.8	4.37	6.2	18.5	"Platinum — Elite seller"
"a5cba26a62b8b4d0145b68b841e62e7f"	"PR"	53	14438.84	13.2	4.57	1.9	9.3	"Gold — Strong seller"
"080199a181c46c657dc5aa235411be3b"	"SP"	78	14324.71	8.1	4.61	2.4	7.2	"Platinum — Elite seller"
"1b4c3a6f53068f0b6944d2d005c9fc89"	"SC"	110	14321.50	14.4	4.14	6.1	20.7	"Gold — Strong seller"
"4c2b230173bb36f9b240f2b8ac11786e"	"SP"	254	14290.97	12.9	3.76	9.1	30.2	"Silver — Average seller"
"5cf13accae3222c70a9cac40818ae839"	"MG"	147	14198.40	10.6	4.46	3.2	21.0	"Platinum — Elite seller"
"66922902710d126a0e7d26b0e3805106"	"MG"	149	14187.30	11.2	4.47	6.5	22.4	"Platinum — Elite seller"
"8e6d7754bc7e0f22c96d255ebda59eba"	"SP"	84	14107.38	14.1	2.99	12.4	12.0	"Bronze — At-risk seller"
"aba1721a889e04decc910aa13b768ef4"	"SP"	83	14103.30	9.2	4.46	10.9	8.9	"Gold — Strong seller"
"c6bda72e4dbf5c5866b13cb1810c6d03"	"SP"	59	14059.38	10.2	4.39	3.4	8.1	"Platinum — Elite seller"
"c847e075301870dd144a116762eaff9a"	"MG"	40	14048.90	16.3	4.20	7.3	7.4	"Silver — Average seller"
"2e90cb1677d35cfe24eef47d441b7c87"	"SP"	127	13894.71	12.1	4.04	12.4	20.8	"Gold — Strong seller"
"3b15288545f8928d3e65a8f949a28291"	"SP"	100	13644.83	14.1	3.95	6.0	17.4	"Silver — Average seller"
"ce248b21cb2adc36282ede306b7660e5"	"SC"	64	13560.19	15.6	4.25	10.8	14.0	"Silver — Average seller"
"6039e27294dc75811c0d8a39069f52c0"	"SP"	63	13500.80	18.0	3.86	25.7	17.3	"Silver — Average seller"
"d94a40fd42351c259927028d163af842"	"MG"	98	13485.80	13.9	4.13	3.8	24.3	"Gold — Strong seller"
"b8bc237ba3788b23da09c0f1f3a3288c"	"SC"	44	13426.71	11.8	4.35	2.2	14.1	"Platinum — Elite seller"
"289cdb325fb7e7f891c38608bf9e0962"	"SP"	109	13410.55	6.7	4.59	1.6	15.5	"Platinum — Elite seller"
"240b9776d844d37535668549a396af32"	"RJ"	35	13332.09	11.4	4.34	5.7	6.3	"Platinum — Elite seller"
"8cc6a0e5738e61a87b03c78b2ba9db4b"	"MG"	23	13272.70	16.7	4.42	8.3	3.8	"Silver — Average seller"
"a3e9a2c700480d9bb01fba070ba80a0e"	"SP"	127	13257.80	13.2	4.02	9.9	21.3	"Gold — Strong seller"
"1f9ab4708f3056ede07124aad39a2554"	"SP"	75	13143.03	14.7	4.11	5.3	17.9	"Gold — Strong seller"
"05f51e13da97139648b8125c31e5f51b"	"MG"	57	13100.31	12.3	4.25	15.0	14.4	"Gold — Strong seller"
"440dd6ab244315c632130ecfb63827b1"	"SP"	91	13089.00	16.7	3.89	13.0	15.6	"Silver — Average seller"
"d05ae8f7a5bd1d2a690a44cd079e4e27"	"RJ"	76	13065.00	11.3	3.82	8.9	8.7	"Silver — Average seller"
"669ae81880e08f269a64487cfb287169"	"SC"	160	13018.87	12.0	4.15	3.8	25.6	"Gold — Strong seller"
"6edacfd9f9074789dad6d62ba7950b9c"	"SP"	205	12966.40	9.1	4.38	5.6	22.4	"Platinum — Elite seller"
"9e6229250fedbe05838fef417b74e7fb"	"SP"	73	12962.30	11.9	3.90	3.9	14.2	"Silver — Average seller"
"6d66611d7c44cc30ce351abc49a68421"	"SP"	162	12948.80	11.9	3.93	6.4	24.4	"Silver — Average seller"
"0b35c634521043bf4b47e21547b99ab5"	"PR"	49	12937.65	17.1	3.53	10.5	11.1	"Silver — Average seller"
"d50d79cb34e38265a8649c383dcffd48"	"SP"	69	12892.43	13.2	4.25	7.2	14.9	"Gold — Strong seller"
"c31eff8334d6b3047ed34bebd4d62c36"	"SP"	119	12872.61	12.8	3.88	14.2	18.2	"Silver — Average seller"
"431af27f296bc6519d890aa5a05fdb11"	"SP"	115	12854.70	16.9	3.80	15.4	16.4	"Silver — Average seller"
"34d1ca11b242c0fee2c834ae8d788566"	"MG"	39	12841.97	12.7	4.30	0.0	7.5	"Gold — Strong seller"
"e24fc9fcd865784fb25705606fe3dfe7"	"SP"	51	12768.00	12.6	4.18	7.3	7.9	"Gold — Strong seller"
"a673821011d0cec28146ea42f5ab767f"	"SP"	121	12726.42	12.4	3.90	9.6	19.4	"Silver — Average seller"
"530ec6109d11eaaf87999465c6afee01"	"PR"	94	12682.11	10.7	4.32	1.0	20.5	"Platinum — Elite seller"
"75d34ebb1bd0bd7dde40dd507b8169c3"	"BA"	57	12656.33	16.1	3.99	14.9	10.4	"Silver — Average seller"
"ed4acab38528488b65a9a9c603ff024a"	"SP"	31	12648.46	9.2	3.79	2.6	4.8	"Silver — Average seller"
"99eaacc9e6046db1c82b163c5f84869f"	"SP"	63	12642.28	15.0	4.01	10.4	8.6	"Gold — Strong seller"
"b372ee768ed69e46ca8cdbd267aa7a38"	"SP"	63	12630.00	12.3	4.39	0.0	9.4	"Gold — Strong seller"
"00fc707aaaad2d31347cf883cd2dfe10"	"PR"	102	12590.90	15.8	3.79	4.5	18.0	"Silver — Average seller"
"cfb1a033743668a192316f3c6d1d2671"	"SP"	142	12402.54	11.8	4.03	10.7	26.9	"Gold — Strong seller"
"2b1a40c1daabc6ca280c4b815c101841"	"MG"	22	12342.60	13.9	3.79	3.0	14.9	"Silver — Average seller"
"1ca7077d890b907f89be8c954a02686a"	"SP"	107	12324.64	15.0	2.27	19.0	12.3	"Bronze — At-risk seller"
"ac3508719a1d8f5b7614b798f70af136"	"RS"	100	12266.34	9.5	4.64	3.0	24.0	"Platinum — Elite seller"
"c66dccfb3f109511246da627dd5a2498"	"SP"	44	12182.55	11.4	4.57	4.5	7.8	"Platinum — Elite seller"
"66e0557ecc2b4dbea057e93f215f68d8"	"SP"	30	12141.00	31.7	4.03	26.7	4.0	"Silver — Average seller"
"2e1c9f22be269ef4643f826c9e650a52"	"SP"	160	12080.25	9.7	4.23	6.6	19.1	"Platinum — Elite seller"
"70c27847eca8195c983ed7e798c56743"	"RJ"	77	12077.52	10.8	4.20	9.2	12.0	"Platinum — Elite seller"
"056b4ada5bbc2c50cc7842547dda6b51"	"RJ"	63	12073.41	12.6	4.16	9.4	10.5	"Gold — Strong seller"
"2138ccb85b11a4ec1e37afbd1c8eda1f"	"SP"	387	12069.23	11.3	3.92	5.5	48.8	"Silver — Average seller"
"d6b1ce66b035a475f00c017792ff9769"	"SP"	90	12067.60	10.1	4.17	7.8	15.9	"Gold — Strong seller"
"ff063b022a9a0aab91bad2c9088760b7"	"SP"	93	11977.50	9.4	4.28	3.2	16.0	"Platinum — Elite seller"
"c8b0e2b0a7095e5d8219575d5e7e1181"	"SP"	83	11940.22	9.9	4.05	6.0	12.3	"Gold — Strong seller"
"6e386f64c84e482f0b9abf960797ee1b"	"SP"	28	11921.60	10.3	4.61	10.7	5.0	"Gold — Strong seller"
"7202e2ba20579a9bd1acb29e61fe71f6"	"SP"	50	11895.80	13.3	3.94	5.8	9.4	"Silver — Average seller"
"7901646fdd36a55f564ffaf2dbccaaf7"	"RJ"	22	11857.08	9.9	4.44	14.8	5.2	"Gold — Strong seller"
"a7f13822ceb966b076af67121f87b063"	"SP"	72	11840.72	21.6	3.49	4.8	24.3	"Bronze — At-risk seller"
"09f952a5f58d2285b0372551ae8f9b01"	"SP"	50	11821.50	13.1	3.88	5.4	12.9	"Silver — Average seller"
"48436dade18ac8b2bce089ec2a041202"	"SP"	134	11821.11	14.1	4.13	6.8	24.0	"Gold — Strong seller"
"adbc26658d6c7b4b6219f9d934598091"	"PR"	88	11806.40	17.2	4.05	15.2	16.0	"Silver — Average seller"
"72c5da29406b4234927b81855e7b64f6"	"SP"	31	11798.69	10.8	4.13	3.2	7.2	"Gold — Strong seller"
"ce7d1888639e6fb06b2749cbfdac1ff7"	"MG"	78	11793.89	14.2	4.11	8.3	26.1	"Gold — Strong seller"
"701938c450705b8ae65fc923b70f35c7"	"SP"	73	11775.32	12.6	3.75	5.5	31.8	"Silver — Average seller"
"e8b3a3a38279a82f0e5d006d5e5b7d2c"	"PR"	80	11762.40	16.9	3.93	4.7	14.0	"Silver — Average seller"
"128639473a139ac0f3e5f5ade55873a5"	"PR"	521	11685.45	14.4	4.20	6.4	81.9	"Gold — Strong seller"
"e26901d5ab434ce92fd9b5c256820a4e"	"SP"	197	11601.50	9.3	4.14	2.3	24.8	"Gold — Strong seller"
"25e6ffe976bd75618accfe16cefcbd0d"	"SP"	106	11552.62	10.0	4.42	5.2	14.6	"Platinum — Elite seller"
"d1b65fc7debc3361ea86b5f14c68d2e2"	"SP"	39	11413.17	9.1	4.65	5.0	12.4	"Platinum — Elite seller"
"0be8ff43f22e456b4e0371b2245e4d01"	"SP"	156	11336.00	10.3	3.97	6.3	22.1	"Silver — Average seller"
"c60b801f2d52c7f7f91de00870882a75"	"SP"	39	11296.50	16.1	3.44	20.5	6.2	"Bronze — At-risk seller"
"6cd68b3ed6d59aaa9fece558ad360c0a"	"MG"	149	11188.57	10.5	4.45	1.9	22.6	"Platinum — Elite seller"
"cab85505710c7cb9b720bceb52b01cee"	"SP"	200	11054.70	10.2	4.34	2.5	25.5	"Platinum — Elite seller"
"5a8e7d5003a1f221f9e1d6e411de7c23"	"SP"	137	11042.10	10.5	4.19	6.1	24.2	"Gold — Strong seller"
"80e6699fe29150b372a0c8a1ebf7dcc8"	"PR"	95	11017.16	11.4	4.35	4.1	23.5	"Platinum — Elite seller"
"8d956fec2e4337affcb520f56fd8cbfd"	"SP"	210	10988.20	9.3	4.20	9.7	30.2	"Platinum — Elite seller"
"1d8dbc4f32378d715c717c1c1fc57bae"	"PR"	89	10986.19	15.1	3.93	8.4	18.5	"Silver — Average seller"
"95e03ca3d4146e4011985981aeb959b9"	"RJ"	170	10765.36	12.3	4.00	2.7	29.3	"Gold — Strong seller"
"82e0a475a88cc9595229d8029273f045"	"SP"	41	10748.02	15.3	3.49	6.3	13.7	"Bronze — At-risk seller"
"7ea5bfa6c340f58f8e71fc1f0412b0d6"	"MG"	95	10713.42	12.2	4.14	5.9	15.1	"Gold — Strong seller"
"c9c7905cffc4ef9ff9f113554423e671"	"SP"	127	10657.18	11.1	4.16	11.5	19.8	"Gold — Strong seller"
"813348c996469b40f2e028d5429d3495"	"SP"	169	10634.83	10.3	4.01	4.7	32.1	"Gold — Strong seller"
"c864036feaab8c1659f65ea4faebe1da"	"PR"	58	10454.20	12.3	4.57	3.4	17.7	"Gold — Strong seller"
"0ea22c1cfbdc755f86b9b54b39c16043"	"MG"	231	10447.50	10.8	4.34	1.5	40.1	"Platinum — Elite seller"
"23d7c96d4a1160db1c726b248601b25a"	"SP"	48	10408.44	13.1	3.92	10.0	12.1	"Silver — Average seller"
"6973a06f484aacf400ece213dbf3d946"	"SP"	88	10335.23	15.0	3.64	16.8	12.4	"Silver — Average seller"
"ea566164622c6b439516ab18062c42cd"	"SP"	50	10309.42	14.2	3.75	23.1	8.3	"Silver — Average seller"
"33a6f4b1e7cdc205511e76ba1b6e0186"	"SP"	105	10295.01	8.5	4.36	1.6	18.3	"Platinum — Elite seller"
"dd2bdf855a9172734fbc3744021ae9b9"	"MG"	101	10197.60	15.4	3.83	5.8	18.7	"Silver — Average seller"
"b499c00f28f4b7069ff6550af8c1348a"	"SP"	147	10162.18	10.8	4.23	11.0	24.6	"Gold — Strong seller"
"f262cbc1c910c83959f849465454ddd3"	"SP"	188	10144.87	8.9	4.12	8.9	24.0	"Gold — Strong seller"
"9d5a9018aee56acb367ba9c3f05d1d6a"	"GO"	66	10119.98	14.4	4.44	1.3	16.5	"Gold — Strong seller"
"7b1222c3624aa89b9558b50a2594188c"	"SP"	22	10103.52	17.7	4.45	13.6	4.5	"Silver — Average seller"
"0df3984f9dfb3d49ac6366acbd3bbb85"	"MG"	86	9891.49	9.6	4.34	1.1	15.0	"Platinum — Elite seller"
"f3b80352b986ab4d1057a4b724be19d0"	"DF"	86	9815.10	10.6	4.16	0.0	21.7	"Gold — Strong seller"
"54965bbe3e4f07ae045b90b0b8541f52"	"PR"	69	9807.00	26.9	3.07	31.6	19.9	"Bronze — At-risk seller"
"9d4db00d65d7760644ac0c14edb5fd86"	"SP"	96	9802.82	8.1	4.54	3.1	15.3	"Platinum — Elite seller"
"5343d0649eca2a983820bfe93fc4d17e"	"SP"	69	9741.02	11.2	3.64	9.3	24.0	"Silver — Average seller"
"17ca9b9e9b9ef8fdb529001b49ebb50f"	"MG"	115	9649.86	8.1	4.03	2.3	24.3	"Gold — Strong seller"
"e96498ed8daaa3e9c23f7a62da76591c"	"SP"	34	9619.09	15.2	3.94	14.7	7.4	"Silver — Average seller"
"e7df4cd29ab5abab70fb0783ddb53987"	"SP"	23	9608.70	10.4	4.29	16.7	4.3	"Gold — Strong seller"
"bd23da7354813347129d751591d1a6e2"	"SP"	85	9605.70	9.8	4.13	4.7	14.2	"Gold — Strong seller"
"b2ac621f0d0322434d04a12b078b9369"	"PR"	30	9575.50	14.7	4.40	10.0	8.2	"Gold — Strong seller"
"4830e40640734fc1c52cd21127c341d4"	"SP"	204	9490.50	9.9	4.18	6.6	31.7	"Gold — Strong seller"
"1c129092bf23f28a5930387c980c0dfc"	"SP"	199	9482.72	11.6	4.18	5.0	31.7	"Gold — Strong seller"
"3db66a856d18a9cba7c9241fc5221c50"	"MG"	94	9478.30	15.8	4.20	11.3	21.6	"Silver — Average seller"
"ef506c96320abeedfb894c34db06f478"	"SP"	314	9440.53	13.3	3.93	8.5	53.5	"Silver — Average seller"
"3c487ae8f8d7542beff5788e2e0aea83"	"DF"	30	9385.70	13.4	3.91	3.0	7.7	"Silver — Average seller"
"31344c16881c08a8a72c6d2eb29918c1"	"MG"	42	9365.80	15.7	4.43	4.8	23.6	"Silver — Average seller"
"5058e8c1e82653974541e83690655b4a"	"SP"	61	9352.85	26.3	3.08	13.3	29.9	"Bronze — At-risk seller"
"aaed1309374718fdd995ee4c58c9dfcd"	"SC"	104	9345.45	12.2	4.05	2.7	24.8	"Gold — Strong seller"
"7b07b3c7487f0ea825fc6df75abd658b"	"SP"	91	9259.47	9.4	4.40	4.2	14.0	"Platinum — Elite seller"
"ca3bd7cd9f149df75950150d010fe4a2"	"SP"	68	9253.47	13.8	3.79	2.2	35.9	"Silver — Average seller"
"aafe36600ce604f205b86b5084d3d767"	"SC"	129	9251.40	12.4	4.38	4.6	26.2	"Gold — Strong seller"
"01cf7e3d21494c41fb86034f2e714fa1"	"PR"	58	9229.66	11.5	4.19	4.7	21.1	"Gold — Strong seller"
"7040e82f899a04d1b434b795a43b4617"	"SP"	206	9164.00	10.3	3.59	9.1	33.7	"Silver — Average seller"
"cb8bcce248bb1fb274ba762d8b971456"	"MG"	66	9152.40	12.6	4.34	1.5	13.1	"Gold — Strong seller"
"dd7ddc04e1b6c2c614352b383efe2d36"	"SP"	120	9088.71	14.8	3.78	14.9	31.2	"Silver — Average seller"
"06df0c10d34e459d9672bc77388742eb"	"PR"	26	9070.00	9.7	4.37	10.0	5.8	"Platinum — Elite seller"
"5b8154610ebb21fb90eb587365e673df"	"SP"	37	9048.05	13.2	4.18	15.0	11.6	"Gold — Strong seller"
"624f4ece8da4aafb77699233d480f8ef"	"SP"	52	9046.00	13.5	4.19	7.4	18.9	"Gold — Strong seller"
"0db783cfcd3b73998abc6e10e59a102f"	"SP"	131	9040.50	11.7	4.21	3.7	21.9	"Platinum — Elite seller"
"81a1104df0f08b59c68aa5b03cfe398e"	"PR"	70	8988.18	13.0	4.31	5.7	19.5	"Gold — Strong seller"
"4e7c18b98d84e05cbae3ff0ff03846c2"	"SP"	80	8970.90	12.1	4.16	4.6	31.3	"Gold — Strong seller"
"066a6914e1ebf3ea95a216c73a986b91"	"PR"	66	8956.38	14.2	3.97	4.2	18.5	"Silver — Average seller"
"8b28d096634035667e8263d57ba3368c"	"SP"	137	8891.60	14.2	3.90	12.2	27.8	"Silver — Average seller"
"f27e33c6d29b5138fa9967bcd445b6d5"	"SP"	93	8888.30	12.4	4.09	10.2	17.9	"Gold — Strong seller"
"32b8764b4ef628b53608fc34011fcc13"	"SC"	36	8884.00	11.3	4.24	7.9	33.4	"Platinum — Elite seller"
"5f2684dab12e59f83bef73ae57724e45"	"SP"	67	8870.97	10.3	3.75	5.5	12.5	"Silver — Average seller"
"048c2757535328e0d7dac690ad3c0aae"	"SP"	49	8865.38	18.3	4.24	12.2	13.9	"Silver — Average seller"
"8e8a7ce9f2f970dc00e2acf6f6e199f6"	"RJ"	63	8821.00	12.2	4.00	9.4	13.0	"Gold — Strong seller"
"f80edd2c5aaa505cc4b0a3b219abf4b8"	"SP"	115	8791.60	12.2	4.14	6.5	33.2	"Gold — Strong seller"
"af4a0e4cfe1d9c26b6712b1be25a72e5"	"MG"	21	8757.98	12.8	3.50	7.7	6.8	"Silver — Average seller"
"6d803cb79cc31c41c4c789a75933b3c7"	"SP"	58	8711.40	12.9	4.27	6.1	13.9	"Gold — Strong seller"
"b1a81260566c1bac3114a6d124413f27"	"RS"	51	8684.69	8.6	4.22	1.9	18.0	"Platinum — Elite seller"
"1da3aeb70d7989d1e6d9b0e887f97c23"	"SP"	260	8678.57	8.4	4.08	5.0	48.0	"Gold — Strong seller"
"a49928bcdf77c55c6d6e05e09a9b4ca5"	"SP"	96	8646.90	16.9	2.97	25.0	20.0	"Bronze — At-risk seller"
"17306570e772e7718c92a562d33f5f1d"	"SP"	27	8640.00	14.0	3.77	6.7	9.0	"Silver — Average seller"
"562fc2f2c2863ab7e79a9e4388a58a14"	"SP"	253	8599.27	11.2	4.25	3.4	48.7	"Platinum — Elite seller"
"9b013e03b2ab786505a1d3b5c0756754"	"SP"	169	8591.61	8.2	4.06	5.6	29.1	"Gold — Strong seller"
"fffd5413c0700ac820c7069d66d98c89"	"SP"	56	8343.60	13.4	3.91	12.3	30.4	"Silver — Average seller"
"259f7b5e6e482c230e5bfaa670b6bb8f"	"SP"	135	8333.24	8.6	4.27	1.9	32.1	"Platinum — Elite seller"
"6c7d50c24b3ccd2fd83b44d8bb34e073"	"SP"	111	8302.36	12.2	4.44	1.6	31.7	"Gold — Strong seller"
"054694fa03fe82cec4b7551487331d74"	"SP"	20	8286.10	30.2	3.29	28.6	8.0	"Bronze — At-risk seller"
"db2956745b3a8e9f3785c99f34b5d25e"	"SP"	45	8261.00	14.3	3.80	10.9	11.5	"Silver — Average seller"
"b92e3c8f9738272ff7c59e111e108d7c"	"MG"	62	8231.09	16.3	4.06	2.9	29.3	"Silver — Average seller"
"d71d863e5ef30d94e440c11be17dcd8f"	"SP"	21	8228.90	20.0	3.57	10.7	7.7	"Silver — Average seller"
"fdb9095204a334cd8872252ffec6f2db"	"SP"	46	8156.00	8.9	4.13	4.9	13.9	"Gold — Strong seller"
"33a17d60c64393351ebf1ef860f4e0f2"	"RS"	43	8152.48	10.6	4.62	2.1	15.7	"Platinum — Elite seller"
"4371b634e0efc0e22b09b52907d9d469"	"SP"	100	8128.00	10.5	4.44	6.4	18.0	"Platinum — Elite seller"
"4bfc7a4a1cf8d4d2121c27422d9e50b5"	"SP"	26	8124.40	8.0	4.23	2.5	13.1	"Platinum — Elite seller"
"7d456afc660226829370f3173d14520c"	"SP"	55	8118.25	9.0	4.26	5.6	18.0	"Platinum — Elite seller"
"6c177e38df6d3f34182b1f1d427231bf"	"PR"	53	8112.89	14.3	4.15	3.7	12.4	"Gold — Strong seller"
"903037660cf848a717166eb7a06d616e"	"SP"	44	7935.18	11.6	3.81	15.3	13.7	"Silver — Average seller"
"5656537e588803a555b8eb41f07a944b"	"DF"	171	7931.26	11.4	3.82	7.6	41.9	"Silver — Average seller"
"3078096983cf766a32a06257648502d1"	"SP"	56	7910.84	12.1	4.30	4.9	17.3	"Gold — Strong seller"
"93dc87703c046b603023e75222018b45"	"MG"	31	7901.50	18.2	4.16	3.1	7.6	"Silver — Average seller"
"750303a20e9c56b2a6bc45cdce0b897d"	"GO"	53	7876.00	13.7	4.34	3.6	16.4	"Gold — Strong seller"
"b1fc4f64df5a0e8b6913ab38803c57a9"	"RJ"	105	7869.76	15.6	3.78	11.8	26.8	"Silver — Average seller"
"fcb5ace8bcc92f75707dc0f01a27d269"	"SP"	58	7864.35	10.4	3.90	2.9	11.4	"Silver — Average seller"
"cbd996ad3c1b7dc71fd0e5f5df9087e2"	"SP"	157	7852.82	12.8	4.13	8.8	33.3	"Gold — Strong seller"
"2dee2ce60de9709b1a24083217181a1f"	"MT"	54	7784.50	14.5	4.36	3.6	26.5	"Gold — Strong seller"
"972d0f9cf61b499a4812cf0bfa3ad3c4"	"SC"	79	7748.79	18.3	2.96	11.9	26.6	"Bronze — At-risk seller"
"5b925e1d006e9476d738aa200751b73b"	"SP"	63	7748.50	10.9	4.60	6.3	13.6	"Platinum — Elite seller"
"ebd2d60905fb58271facef5596b620d3"	"SP"	82	7713.02	12.9	4.24	3.5	21.2	"Gold — Strong seller"
"3bb548e3cb7f70f28e3f11ee9dce0e59"	"PR"	46	7690.02	10.7	3.98	0.0	11.7	"Silver — Average seller"
"725c32fa80c2faacc4fc88450d27314e"	"SP"	87	7679.00	9.1	4.54	0.0	16.9	"Platinum — Elite seller"
"2089a6d640999f9b9141ac719b2af596"	"SP"	41	7676.02	19.5	3.93	14.6	8.3	"Silver — Average seller"
"08633c14ef2db992c11f840f04fad4cd"	"SP"	74	7644.30	10.1	4.24	6.2	18.6	"Platinum — Elite seller"
"4e17c65a516f69d023a2ae78b84f28d6"	"SP"	61	7639.26	14.8	4.08	10.8	15.1	"Gold — Strong seller"
"6fd52c528dcb38be2eea044946b811f8"	"SP"	66	7625.68	21.2	3.50	11.0	14.7	"Silver — Average seller"
"9596c870880d900012f2e8e6e30d06d7"	"MG"	21	7625.35	13.4	4.17	4.3	22.9	"Gold — Strong seller"
"73a63f72308aa20a46f4b1632018f196"	"PR"	26	7595.85	11.1	4.32	0.0	12.9	"Platinum — Elite seller"
"0432ead42b6c8a0bdf68154add917fdf"	"SP"	82	7574.40	8.9	4.55	3.4	15.6	"Platinum — Elite seller"
"42bde9fef835393bb8a8849cb6b7f245"	"DF"	34	7574.00	9.8	4.28	2.6	10.1	"Platinum — Elite seller"
"b18dc380845b24038cfc48006478f099"	"SP"	42	7554.07	14.0	4.30	12.8	10.4	"Gold — Strong seller"
"058fd0aa2bfdb2274e05e1ae971dabb6"	"SP"	60	7549.90	10.2	4.37	7.9	11.6	"Platinum — Elite seller"
"640e21a7d01df7614a3b4923e990d40c"	"SP"	115	7528.89	10.4	4.29	6.6	32.3	"Platinum — Elite seller"
"7008613ea464bad5cb9b83456e1e6a8f"	"SC"	122	7509.20	13.9	4.29	3.3	39.0	"Gold — Strong seller"
"e5a3438891c0bfdb9394643f95273d8e"	"SP"	215	7481.36	15.3	3.88	18.4	43.4	"Silver — Average seller"
"062ce95fa2ad4dfaedfc79260130565f"	"RS"	54	7479.10	13.3	4.02	3.4	15.8	"Gold — Strong seller"
"bd0389da23d89b726abf911cccc54596"	"DF"	87	7472.16	13.5	4.20	7.8	22.2	"Gold — Strong seller"
"8a432f4e5b471f8da497d7dc517666e2"	"SP"	94	7445.00	7.6	4.20	4.8	25.8	"Platinum — Elite seller"
"0bae85eb84b9fb3bd773911e89288d54"	"SP"	136	7433.56	10.3	4.23	0.7	39.1	"Platinum — Elite seller"
"e0a366315b1b726b6c7832d664c0f530"	"SP"	43	7400.09	7.5	4.33	3.9	10.1	"Platinum — Elite seller"
"18a349e75d307f4b4cc646a691ed4216"	"SP"	108	7393.21	11.1	3.52	5.5	25.4	"Silver — Average seller"
"b410bdd36d5db7a65dcd42b7ead933b8"	"GO"	42	7368.90	9.2	4.81	2.4	12.9	"Platinum — Elite seller"
"381c83fdca332ea6afd896da20bf6e4a"	"PR"	46	7355.80	12.7	4.39	4.3	13.6	"Gold — Strong seller"
"a2e874074c877c5a05abae80ad6e488f"	"SP"	40	7355.00	19.2	4.19	4.8	15.0	"Silver — Average seller"
"a420f60ff1aa9acc80d0e42959f2b313"	"SP"	65	7346.30	11.5	3.93	9.0	14.7	"Silver — Average seller"
"7a241947449cc45dbfda4f9d0798d9d0"	"MG"	55	7335.66	12.8	3.78	6.2	25.4	"Silver — Average seller"
"b347677812ea483b0f528eaf8cbc09b7"	"PR"	21	7288.99	13.2	4.52	0.0	10.5	"Gold — Strong seller"
"4aba391bc3b88717ce08eb11e44937b2"	"BA"	27	7286.88	16.7	4.00	14.3	10.4	"Silver — Average seller"
"aced59e9b31ef866a94f9e7f29d8d418"	"SP"	61	7268.50	9.7	4.45	7.5	14.4	"Platinum — Elite seller"
"e333046ce6517bd8bb510291d44f0130"	"SP"	68	7268.00	10.0	4.39	5.4	19.7	"Platinum — Elite seller"
"8648b1e89e9b349e32d3741b30ec737e"	"SP"	93	7228.75	9.3	4.12	10.0	19.6	"Gold — Strong seller"
"6a51fc556dab5f766ced6fbc860bc613"	"SP"	24	7217.87	15.2	4.13	6.5	10.4	"Silver — Average seller"
"cee48807215b30a12ca2ca10ffb5f250"	"SP"	39	7212.23	23.4	3.70	15.0	12.7	"Silver — Average seller"
"dbb9b48c841a0e39e21f98e1a6b2ec3e"	"SP"	108	7186.85	10.0	4.20	4.2	22.0	"Platinum — Elite seller"
"cc63f0dd2acba93ffed4fe9f8e0321fa"	"SP"	55	7096.71	9.0	4.05	0.0	19.7	"Gold — Strong seller"
"febab0275244b9a49a623f0bd613ca2f"	"SP"	106	7094.82	8.2	4.32	4.0	41.0	"Platinum — Elite seller"
"d13e50eaa47b4cbe9eb81465865d8cfc"	"SP"	66	7073.05	5.0	4.81	20.6	11.8	"Silver — Average seller"
"dd55f1bb788714a40e7954c3be6df745"	"SP"	35	7041.76	18.8	3.81	16.2	9.4	"Silver — Average seller"
"679769a98cfcc6da877c8486ff1c13f3"	"MG"	21	7029.00	9.5	4.57	0.0	6.2	"Platinum — Elite seller"
"7722b1df1b0e383e000397b2c11e3e19"	"SP"	132	7019.70	8.6	4.22	2.8	29.2	"Platinum — Elite seller"
"ce27a3cc3c8cc1ea79d11e561e9bebb6"	"SP"	117	6931.56	10.0	4.12	1.6	26.0	"Gold — Strong seller"
"d98eec89afa3380e14463da2aabaea72"	"RS"	167	6918.54	8.3	4.30	1.6	46.8	"Platinum — Elite seller"
"d9bd94811c3338dceb4181f3dbc0c73e"	"SP"	54	6911.02	7.8	4.82	11.5	11.2	"Gold — Strong seller"
"36a968b544695394e4e9d7572688598f"	"SP"	148	6864.47	10.7	3.72	4.5	29.9	"Silver — Average seller"
"d624126b9206f595fb3fbb6ba03b28a8"	"PR"	22	6838.90	10.2	4.33	3.7	8.0	"Platinum — Elite seller"
"5b67882648febfb6e1225e6ad7164f6b"	"PR"	27	6813.48	12.3	4.03	3.3	9.1	"Gold — Strong seller"
"40d54b51e962dbe09cabbcfd33298dee"	"SP"	30	6785.56	7.2	3.90	0.0	7.9	"Silver — Average seller"
"ff1fb4c404b2efe68b03350a8dc24122"	"SP"	46	6771.00	9.9	4.06	14.3	13.2	"Gold — Strong seller"
"3340ef1913fb70d28420f6ceb685c339"	"PR"	32	6731.15	15.5	4.33	9.5	11.1	"Silver — Average seller"
"ececbfcff9804a2d6b40f589df8eef2b"	"SP"	97	6714.15	13.1	4.12	9.7	27.3	"Gold — Strong seller"
"1127b7f2594683f2510f1c2c834a486b"	"SP"	110	6669.70	10.2	4.18	6.3	26.5	"Gold — Strong seller"
"b4ffb71f0cb1b1c3d63fad021ecf93e1"	"SP"	143	6635.69	9.8	4.03	2.4	37.7	"Gold — Strong seller"
"5670f4db5b62c43d542e1b2d56b0cf7c"	"SP"	22	6630.09	8.5	4.41	4.5	8.8	"Platinum — Elite seller"
"63b464dbf392c7b80d12d932fa7cafed"	"SP"	36	6622.00	13.2	3.76	5.3	13.0	"Silver — Average seller"
"83e197e95a1bbabc8c75e883ed016c47"	"RJ"	46	6574.19	10.5	4.74	1.9	14.6	"Platinum — Elite seller"
"58f1a6197ed863543e0136bdedb3fce2"	"MG"	42	6555.00	10.4	4.12	2.3	15.8	"Gold — Strong seller"
"fa1a9dec3a9940c072684a46728bf1fc"	"SC"	54	6554.10	14.6	3.98	0.0	18.0	"Silver — Average seller"
"5d0363b33554b373851fc1622e4d5f3c"	"SP"	93	6548.79	12.7	4.09	8.5	33.2	"Gold — Strong seller"
"11305281b50fff20ae8bb473f8e11876"	"MG"	35	6528.70	14.0	4.35	12.5	22.1	"Gold — Strong seller"
"aac29b1b99776be73c3049939652091d"	"MG"	93	6513.70	14.3	4.00	9.4	38.5	"Gold — Strong seller"
"e5e33c0d8e7e002f398f5dc4cbbb338f"	"SP"	26	6494.90	11.9	4.59	11.1	11.5	"Gold — Strong seller"
"282f23a9769b2690c5dda22e316f9941"	"MG"	98	6464.28	11.2	4.33	4.6	28.9	"Platinum — Elite seller"
"516e7738bd8f735ac19a010ee5450d8d"	"RJ"	74	6463.19	8.8	4.61	4.9	22.3	"Platinum — Elite seller"
"4c03b9dd4c11ee2cb35c96c49efc9420"	"SP"	47	6423.10	10.5	4.11	2.1	13.0	"Gold — Strong seller"
"7dc8c42cc750eeafea6c85712ffee9bf"	"SP"	41	6409.68	8.7	4.26	4.0	16.2	"Platinum — Elite seller"
"376a891762bbdecbc02b4b6adec3fdda"	"GO"	57	6406.23	12.1	4.67	3.4	20.1	"Gold — Strong seller"
"609e1a9a6c2539919b8205cf7c4e6ff0"	"SC"	85	6400.03	10.0	3.60	0.8	39.2	"Silver — Average seller"
"34056b8b55c1775a22af2331670a799c"	"SP"	77	6398.70	12.9	4.04	11.7	27.4	"Gold — Strong seller"
"92eb0f42c21942b6552362b9b114707d"	"SP"	332	6369.57	13.5	3.96	7.6	75.8	"Silver — Average seller"
"751bdc4d83a466c7206cd42e8f426b03"	"SP"	49	6360.98	10.6	3.71	0.0	15.7	"Silver — Average seller"
"57e632711dec9ec14ca7546769483e7e"	"SC"	62	6350.06	10.8	4.45	0.0	19.0	"Platinum — Elite seller"
"6b243f80ed07b10f0e8aa0f21a205f3c"	"PR"	79	6260.10	11.0	4.02	3.4	24.7	"Gold — Strong seller"
"ea67327e24487bdfac5fbfa37ea124df"	"SP"	32	6250.18	8.7	3.56	2.9	14.9	"Silver — Average seller"
"670c26e0f1bf8d0576271d5cfaec6d2b"	"PR"	77	6250.10	13.7	4.35	4.7	26.9	"Gold — Strong seller"
"02f623a8eb246f3c5f7c2f96462654e6"	"SP"	43	6249.00	8.5	4.56	9.3	12.9	"Platinum — Elite seller"
"dee656f0f566ed1aa85bd137c943f08f"	"SP"	92	6212.08	12.5	4.38	5.3	26.9	"Gold — Strong seller"
"dfc5fb7259bb2b599ca565e6e9448f0f"	"SP"	33	6124.63	14.3	4.12	5.9	11.8	"Gold — Strong seller"
"bd4889b5e9133b35b66e42a8665cea5c"	"SP"	35	6119.00	10.4	4.46	0.0	15.7	"Platinum — Elite seller"
"4b5f66b7adcf57f1ecc0d3c07dd6b177"	"PR"	22	6111.79	13.8	4.08	2.7	11.8	"Gold — Strong seller"
"f12ff17ad8bbf01ec5c33b17e506649b"	"SP"	28	6101.00	13.8	3.86	10.7	10.3	"Silver — Average seller"
"8a32e327fe2c1b3511609d81aaf9f042"	"SP"	125	6041.14	9.1	3.94	6.0	36.8	"Silver — Average seller"
"ad781527c93d00d89a11eecd9dcad7c1"	"SP"	38	6039.63	25.5	3.34	31.6	36.0	"Bronze — At-risk seller"
"ba143b05f0110f0dc71ad71b4466ce92"	"SP"	83	5998.70	10.3	4.46	15.5	21.8	"Gold — Strong seller"
"9baf5cb77970f539089d09a38bcec5c3"	"SP"	31	5989.68	14.8	4.44	0.0	8.9	"Gold — Strong seller"
"6f892e20a171e98efe17fdb971ff319b"	"SP"	40	5978.10	16.6	3.90	6.1	14.1	"Silver — Average seller"
"bba74270a87732727b5a3b4fd9ac1c39"	"MG"	35	5964.60	9.3	3.88	0.0	12.5	"Silver — Average seller"
"2c9e548be18521d1c43cde1c582c6de8"	"SP"	122	5937.86	13.7	3.95	16.7	40.8	"Silver — Average seller"
"26d8a1c7c75d513045798992ead43aa2"	"PR"	34	5937.13	12.5	4.33	8.3	11.0	"Gold — Strong seller"
"37515688008a7a40ac93e3b2e4ab203f"	"SP"	225	5897.10	15.1	4.09	10.1	57.2	"Silver — Average seller"
"6a8b085f816a1f75f92dbac6eb545f8f"	"SP"	125	5884.17	14.4	4.17	9.0	36.6	"Gold — Strong seller"
"0691148aee60ca47977c187804f935ae"	"PR"	47	5868.51	13.0	3.98	3.8	25.4	"Silver — Average seller"
"bacb1f0ed56ad24198f5810d2b3fe9a5"	"SP"	37	5859.15	9.9	4.32	2.7	12.9	"Platinum — Elite seller"
"f84a00e60c73a49e7e851c9bdca3a5bb"	"RJ"	88	5849.24	11.3	3.72	10.3	33.0	"Silver — Average seller"
"1da366cade6d8276e7d8beea7af5d4bf"	"MG"	41	5778.69	17.6	3.98	12.8	27.1	"Silver — Average seller"
"8e6cc767478edae941d9bd9eb778d77a"	"MG"	98	5730.35	16.3	4.03	6.6	37.0	"Silver — Average seller"
"f46490624488d3ff7ce78613913a7711"	"SP"	80	5690.95	10.1	3.57	11.5	29.8	"Silver — Average seller"
"688756f717c462a206ad854c5027a64a"	"SP"	80	5651.67	10.8	3.79	9.4	32.8	"Silver — Average seller"
"9616352088dcf83a7c06637f4ebf1c80"	"PR"	91	5643.10	12.5	4.29	0.0	31.3	"Gold — Strong seller"
"e8b4225284fbb02d16f200513f1f395d"	"SP"	30	5638.62	10.2	4.30	10.0	22.6	"Platinum — Elite seller"
"080102cd0a76b09e0dcf55fcacc60e05"	"MG"	122	5612.65	9.7	4.53	3.9	38.5	"Platinum — Elite seller"
"05d2173d43ea568aa0540eba70d2ca76"	"MG"	60	5554.68	14.1	4.00	4.7	29.7	"Gold — Strong seller"
"f181738b150df1f37cb0bd72e705b193"	"SP"	36	5529.70	9.1	4.49	10.8	19.9	"Gold — Strong seller"
"cc3d14116804f7209f3884f6367f1152"	"PR"	27	5477.80	13.0	4.67	3.3	10.6	"Gold — Strong seller"
"91f848e9f4be368f4318775aac733370"	"SP"	58	5448.63	10.4	4.37	2.9	21.2	"Platinum — Elite seller"
"575df70bde3f9f2b30bf8d2e9910d725"	"SP"	27	5410.05	13.3	4.12	5.9	13.9	"Gold — Strong seller"
"0bf0150d5b9d60d9cd2906003332f085"	"SP"	38	5396.60	12.5	3.71	15.3	19.2	"Silver — Average seller"
"e2aee0892199b1d92530e371abd825bf"	"PR"	36	5392.77	15.0	3.90	12.8	46.7	"Silver — Average seller"
"23c38debaffe4a25a30fdbd9b586a13f"	"SP"	41	5382.18	11.6	4.30	15.2	15.5	"Gold — Strong seller"
"83deb69e889cf80f82be1dc6d5f2d486"	"SC"	40	5363.01	15.7	4.36	4.8	17.0	"Silver — Average seller"
"2a261b5b644fa05f4f2700eb93544f2c"	"SP"	51	5355.00	14.5	3.34	22.0	38.1	"Bronze — At-risk seller"
"916c9de0b5ad957346eeeb12f332687e"	"PR"	22	5336.50	8.2	4.37	0.0	9.0	"Platinum — Elite seller"
"b6d44737c043328708f6749c2dbe50bd"	"SP"	61	5284.60	7.9	4.57	5.1	29.3	"Platinum — Elite seller"
"e06f09ec0a4aca210779cf1cfc63cf19"	"SP"	29	5279.49	15.1	4.03	6.5	11.8	"Silver — Average seller"
"02ecc2a19303f05e59ce133fd923fff7"	"SP"	21	5264.19	10.8	4.54	0.0	9.1	"Platinum — Elite seller"
"94e93ce877be27a515118dbfd2c2be41"	"SP"	28	5258.68	13.3	4.03	0.0	15.9	"Gold — Strong seller"
"8c16d1f32a54d92897cc437244442e1b"	"SC"	107	5244.60	11.0	4.33	1.7	39.9	"Platinum — Elite seller"
"5bffbafbb22daf6d3bfc216a46db8708"	"RJ"	21	5239.70	8.6	4.70	0.0	8.7	"Platinum — Elite seller"
"3be634553519fb6536a03e1358e9fdc7"	"SP"	80	5231.02	9.8	3.99	8.4	34.5	"Silver — Average seller"
"3ade81dab5a172b88e1871c28ae05260"	"SP"	27	5204.60	13.9	4.24	13.8	26.9	"Gold — Strong seller"
"f67efa3f0b6761102a7f8c6b7b571f5d"	"PR"	31	5188.68	9.8	4.44	0.0	16.2	"Platinum — Elite seller"
"f680f85bee2d253556ac91be391d2c82"	"SP"	45	5183.92	10.4	4.30	1.9	17.2	"Platinum — Elite seller"
"b14db04aa7881970e83ffa9426897925"	"SP"	75	5171.50	16.2	3.80	12.5	38.4	"Silver — Average seller"
"709e16e2b25c7474d980076c6bfc4806"	"SP"	60	5151.90	10.5	4.53	2.5	23.8	"Platinum — Elite seller"
"fad44952713764836814be105382aee5"	"RJ"	32	5129.00	10.8	4.28	3.1	9.9	"Platinum — Elite seller"
"e62b2d6ac10570a035a30bafcf01d263"	"SP"	59	5126.89	13.5	3.83	13.6	18.1	"Silver — Average seller"
"4917cee8d902e13428c3ec4b1ca6f315"	"SC"	31	5103.90	18.1	4.16	3.2	21.1	"Silver — Average seller"
"45ba18c210d42734ec52c0c1c574e9ee"	"SP"	35	5099.44	7.2	4.05	5.3	18.1	"Gold — Strong seller"
"0cbcee27c791afa0cdcb08587a2013a8"	"MG"	37	5054.15	13.0	4.00	10.3	15.5	"Gold — Strong seller"
"e067ad2c1c0b48758eb1b5228bcf7a68"	"SP"	54	5042.55	14.5	4.13	8.2	19.9	"Gold — Strong seller"
"3df020b72d3d44b3af9d110fa3940b65"	"SP"	55	5039.90	12.8	3.95	11.9	33.9	"Silver — Average seller"
"d566c37fa119d5e66c4e9052e83ee4ea"	"SP"	64	5031.90	5.8	4.72	1.4	19.0	"Platinum — Elite seller"
"e0878efa0e0b7e5313ac0b43bc04c081"	"PR"	26	5025.40	18.2	3.54	17.9	10.3	"Silver — Average seller"
"5b179e9e8cc7ab6fd113a46ca584da81"	"SP"	33	5023.60	12.6	3.51	8.6	12.7	"Silver — Average seller"
"4bf2f4ee540798a61f9636d12cd9cc80"	"SP"	29	4995.56	13.5	4.17	3.3	10.1	"Gold — Strong seller"
"f84fa566034f5e8e880a07ec624c56af"	"SP"	89	4993.91	11.5	4.30	12.0	24.2	"Gold — Strong seller"
"835f0f7810c76831d6c7d24c7a646d4d"	"SP"	42	4990.20	18.5	3.31	31.3	18.7	"Bronze — At-risk seller"
"817245bcc3badd82bbd222e0366951a6"	"SP"	27	4986.00	11.3	4.15	2.5	13.1	"Gold — Strong seller"
"afe0067131b73e40875c9b6c10bd2e21"	"MG"	44	4950.60	15.6	4.27	4.5	22.2	"Silver — Average seller"
"9674754b5a0cb32b638cec001178f799"	"SP"	84	4941.73	7.9	4.05	3.2	24.2	"Gold — Strong seller"
"dbd66278cbfe1aa1000f90a217ca4695"	"SP"	85	4928.90	9.1	4.45	6.1	31.3	"Platinum — Elite seller"
"503c1de08ae81a2d86f17951b204db55"	"SP"	22	4906.99	13.5	4.41	9.1	8.5	"Gold — Strong seller"
"b39d7fe263ef469605dbb32608aee0af"	"SP"	42	4903.30	13.4	3.79	4.3	20.6	"Silver — Average seller"
"e9d99831abad74458942f21e16f33f92"	"SP"	129	4892.48	12.4	3.91	9.5	40.5	"Silver — Average seller"
"1bb2bdb95f4841f1bba2c0d2cd83d3c9"	"SP"	78	4885.81	12.3	4.57	7.3	22.6	"Gold — Strong seller"
"f789d2c4f2c2eb38fc4373e7a4b35264"	"MG"	44	4864.24	10.9	4.18	4.1	17.9	"Gold — Strong seller"
"f7496d659ca9fdaf323c0aae84176632"	"SP"	25	4837.67	12.5	4.58	7.7	16.6	"Gold — Strong seller"
"1336efc61c316ddf92c899eb817f7cae"	"SP"	74	4837.31	11.7	3.94	9.4	31.4	"Silver — Average seller"
"abcd2cb37d46c2c8fb1bf071c859fc5b"	"MT"	44	4817.32	13.7	4.31	3.9	27.1	"Gold — Strong seller"
"2a7dc43cecabf23403078e2188437d1d"	"SP"	52	4795.91	13.0	4.09	7.4	17.4	"Gold — Strong seller"
"dfa0c4c6229ab200a4a1336b4d7128ff"	"SC"	77	4777.10	9.6	4.01	3.5	37.0	"Gold — Strong seller"
"acce39e832338debb07b02385cde5967"	"MG"	44	4748.10	7.1	4.48	0.0	24.8	"Platinum — Elite seller"
"3ab971ce71839580d2ae5b4e40fe8044"	"SP"	34	4747.10	6.6	3.89	8.3	18.1	"Silver — Average seller"
"30a2f535bb48308f991d0b9ad4a8c4bb"	"SP"	71	4731.30	8.4	4.25	3.4	22.9	"Platinum — Elite seller"
"582d4f8675b945722eda7c0cb61ba4c7"	"SP"	59	4702.96	10.6	4.11	1.4	20.9	"Gold — Strong seller"
"1a932caad4f9d804097d7f8e615baed1"	"SP"	20	4661.00	8.8	3.57	13.3	22.3	"Silver — Average seller"
"7e3f87d16fb353f408d467e74fbd8014"	"SP"	91	4653.09	12.6	4.16	11.8	30.4	"Gold — Strong seller"
"0176f73cc1195f367f7b32db1e5b3aa8"	"SP"	37	4643.20	13.4	4.05	10.5	27.4	"Gold — Strong seller"
"ef990a83bbea832f36ebe81376335aa8"	"SC"	43	4642.59	16.9	3.66	25.0	19.7	"Silver — Average seller"
"b2479f944e1b90cf8a5de1bbfde284d6"	"SP"	100	4623.54	15.4	3.33	14.8	47.4	"Bronze — At-risk seller"
"537eb890efff034a88679788b647c564"	"RJ"	158	4617.90	9.1	4.18	5.8	53.6	"Gold — Strong seller"
"a3dd39f583bc80bd8c5901c95878921e"	"BA"	34	4607.81	12.5	4.59	2.7	17.5	"Gold — Strong seller"
"8931a84a914b3fe9b1ddaa4d704947ca"	"SP"	28	4598.40	13.1	3.77	16.1	8.8	"Silver — Average seller"
"06579cb253ecd5a3a12a9e6eb6bf8f47"	"SP"	61	4587.40	11.0	3.84	15.7	31.0	"Silver — Average seller"
"31da954dc0855f2495c6310f70a2f931"	"SP"	29	4583.00	8.1	4.23	10.0	9.8	"Platinum — Elite seller"
"4c498c7345e89aebad651544829beca0"	"SP"	47	4570.27	10.8	4.28	12.8	12.3	"Gold — Strong seller"
"9add47bf45ce8e8c7db6b9cf670b1e09"	"PR"	40	4546.54	12.1	4.26	2.4	22.9	"Gold — Strong seller"
"1fe5540d7c1c37a595fefbacd5570d9e"	"RJ"	20	4537.60	12.0	4.28	4.0	12.8	"Platinum — Elite seller"
"45d33f715e24d15a6ccf5c17b3a23e3c"	"SP"	56	4518.49	11.5	4.17	6.9	19.1	"Gold — Strong seller"
"b561927807645834b59ef0d16ba55a24"	"SP"	85	4501.99	12.5	4.34	14.7	29.0	"Gold — Strong seller"
"55d3daac7c404d59e51c2aa2f4dc5a23"	"SP"	21	4480.60	8.8	3.93	0.0	29.2	"Silver — Average seller"
"b90e891671cffd9557f33a97dc523645"	"PR"	34	4449.00	7.6	4.13	0.0	14.2	"Gold — Strong seller"
"d379f449f2a3b271bc01c0782020f705"	"MG"	28	4423.06	13.6	3.93	3.4	24.3	"Silver — Average seller"
"c68fb906c8f4b4b946d8386bfa6e5467"	"SP"	44	4422.28	11.1	4.51	2.1	19.7	"Platinum — Elite seller"
"fc906263ca5083d09dce42fe02247800"	"MG"	112	4417.90	9.3	4.38	0.0	42.0	"Platinum — Elite seller"
"bbad7e518d7af88a0897397ffdca1979"	"SP"	67	4406.42	15.3	3.05	22.9	29.5	"Bronze — At-risk seller"
"ad420dd0c4f92f8af951ac24b86d0cf5"	"MG"	40	4380.29	11.5	4.16	4.5	20.0	"Gold — Strong seller"
"beadbee30901a7f61d031b6b686095ad"	"SP"	64	4373.98	13.5	3.94	23.5	21.4	"Silver — Average seller"
"8bd0f31cf0a614c658f6763bd02dea69"	"SP"	32	4373.34	10.2	4.21	2.9	21.9	"Platinum — Elite seller"
"0ef83d7d83ed97cd2a0049ac8be5f88a"	"PR"	47	4368.02	9.7	4.24	1.9	23.3	"Platinum — Elite seller"
"15aac934c58d886785ac1b17953ea898"	"ES"	25	4353.90	15.6	4.12	15.4	15.3	"Silver — Average seller"
"eed78ac17f7f795a19a709745f00cd4e"	"SP"	22	4349.50	9.8	3.41	0.0	19.5	"Bronze — At-risk seller"
"a3f0b55de503387383c7b1de3ad7f678"	"PR"	24	4348.40	10.5	4.38	3.8	28.3	"Platinum — Elite seller"
"2ff97219cb8622eaf3cd89b7d9c09824"	"SP"	87	4339.10	8.8	4.55	6.4	31.3	"Platinum — Elite seller"
"834f8533b2ecb6598dd004ff3de7203a"	"SP"	41	4324.35	15.1	3.84	17.8	21.4	"Silver — Average seller"
"cc5a78bbad32776dc4e3af205218368c"	"MG"	33	4269.18	7.6	4.47	2.6	30.5	"Platinum — Elite seller"
"43f8c9950d11ecd03a0304a49e010da6"	"SP"	41	4249.59	11.5	4.56	7.3	13.1	"Platinum — Elite seller"
"8a130737016f838139d31878787a39c9"	"SP"	56	4222.03	10.2	4.35	6.5	19.9	"Platinum — Elite seller"
"6288c69c4ce638e59925e59193f98b16"	"SP"	20	4196.80	9.6	4.25	5.0	6.4	"Platinum — Elite seller"
"8bb48dc19fccaa8613b6229bf7f452a2"	"SP"	82	4190.72	11.2	4.34	2.1	44.3	"Platinum — Elite seller"
"f76a3b1349b6df1ee875d1f3fa4340f0"	"SP"	24	4160.79	17.0	3.46	37.5	14.1	"Bronze — At-risk seller"
"8b9d6eec4a7eb7d0f9d579ce0b38324d"	"RJ"	48	4159.55	10.0	4.12	15.4	40.1	"Gold — Strong seller"
"cd6efc47efaabf134f8bdb654e10b4f1"	"RJ"	31	4158.55	8.5	4.50	9.4	14.4	"Platinum — Elite seller"
"0d85bbda9889ce1f7e63778d24f346eb"	"MG"	50	4143.80	15.4	4.21	9.6	33.6	"Silver — Average seller"
"65febd49fd28ec955651299159b1f527"	"SP"	33	4136.71	7.1	4.34	5.3	22.9	"Platinum — Elite seller"
"d66c305afaec317ebee552073a674429"	"MG"	38	4126.59	10.1	4.52	2.3	26.9	"Platinum — Elite seller"
"23613d49c3ac2bd302259e55c06c050c"	"SP"	68	4108.20	13.9	3.69	14.1	49.0	"Silver — Average seller"
"e883aa812c37a7413226856f4579fe91"	"SP"	26	4097.10	10.0	3.90	3.4	11.2	"Silver — Average seller"
"cac4c8e7b1ca6252d8f20b2fc1a2e4af"	"SP"	73	4088.20	19.8	3.54	22.2	36.7	"Silver — Average seller"
"99002261c568a84cce14d43fcffb43ea"	"MT"	36	4088.00	16.8	3.72	8.3	26.9	"Silver — Average seller"
"b4a476fbd28de64b1e347abf9089366a"	"SP"	29	4084.04	11.6	4.00	8.8	19.0	"Gold — Strong seller"
"98dac6635aee4995d501a3972e047414"	"SP"	88	4073.45	8.4	3.89	3.7	57.8	"Silver — Average seller"
"3c03b12bab54d8b37d79d914bfdb1aa0"	"RJ"	36	4068.66	14.0	3.88	16.7	16.3	"Silver — Average seller"
"6b3bd31ad8fcda4b2635ec9f3ff2ecdf"	"RJ"	35	4063.90	12.9	3.93	9.5	18.2	"Silver — Average seller"
"42b729f859728f5079499127a9c2ef37"	"SP"	102	4047.16	7.9	4.36	10.1	31.8	"Gold — Strong seller"
"715bbd5ba4e6b74cb0d2f29eb45058b0"	"SP"	62	4043.30	12.0	4.47	7.8	31.5	"Platinum — Elite seller"
"382229d1e840115ffe3dbf5ff460e417"	"RJ"	45	4037.06	9.0	4.31	10.4	21.1	"Gold — Strong seller"
"681fce914360217db47784ae28905a96"	"PR"	22	4019.33	12.0	3.87	8.7	10.6	"Silver — Average seller"
"bccf933e006e9b94a6184af782963e77"	"SP"	44	4012.75	11.5	4.53	2.2	21.5	"Platinum — Elite seller"
"3c7c4a49ec3c6550809089c6a2ca9370"	"SP"	139	4002.75	9.8	3.73	8.2	44.9	"Silver — Average seller"
"55a5b51f93f2b70ea513f5a047b0262a"	"MG"	39	4002.30	13.7	4.49	7.3	21.2	"Gold — Strong seller"
"bf3c6d2a28b2b5501e6c15448982dcc9"	"SP"	35	3956.50	10.6	4.42	2.3	17.5	"Platinum — Elite seller"
"3f995f07c49d0d55a99d5c54957f7d81"	"SP"	43	3955.70	9.6	4.21	2.3	17.0	"Platinum — Elite seller"
"81f89e42267213cb94da7ddc301651da"	"SP"	46	3955.00	7.6	3.54	0.0	19.4	"Silver — Average seller"
"50c9975695009e5e6473912e83a6d1da"	"MG"	49	3946.90	14.9	3.99	9.0	73.3	"Silver — Average seller"
"11bfa66332777660bd0640ee84d47006"	"SP"	76	3925.87	16.2	3.80	17.6	42.9	"Silver — Average seller"
"fde0cc9ea29c8ccfc0a2c22256a58c71"	"PR"	35	3922.00	8.7	4.49	2.9	25.5	"Platinum — Elite seller"
"7f152321c60a266edc53af1925ef96c1"	"SC"	20	3919.80	23.5	3.80	30.0	14.1	"Silver — Average seller"
"6fc26fe110feebd80a433e1f012a84f9"	"SP"	34	3914.87	11.3	4.01	7.4	23.3	"Gold — Strong seller"
"d20b021d3efdf267a402c402a48ea64b"	"SP"	85	3911.31	16.6	3.69	17.8	38.1	"Silver — Average seller"
"d673a59aac7a70d8b01e6902bf090a11"	"SP"	79	3908.94	13.8	3.96	9.5	40.7	"Silver — Average seller"
"3361277dc30b7cccdb0c286b24219756"	"PR"	29	3905.05	13.9	4.21	11.9	16.3	"Gold — Strong seller"
"951e8cef368f09bb3f3d03c00ca4702c"	"SP"	60	3899.33	9.1	4.16	9.0	33.8	"Gold — Strong seller"
"14d7985702e72162bbf13b6beb74ab2b"	"SP"	37	3887.00	11.1	4.34	13.2	14.3	"Gold — Strong seller"
"02f5837340d7eb4f653d676c7256523a"	"PR"	30	3883.05	9.7	4.83	3.3	15.0	"Platinum — Elite seller"
"8090490573c6c0aa343a7231ebcb8c86"	"SP"	26	3871.12	10.1	4.19	7.7	11.0	"Gold — Strong seller"
"1b938a7ec6ac5061a66a3766e0e75f90"	"SP"	29	3859.80	11.4	4.45	3.2	22.3	"Platinum — Elite seller"
"6ec1a01e866584bb679eb9b098345919"	"SP"	29	3852.93	12.9	4.24	17.2	19.5	"Gold — Strong seller"
"d12c926d74ceff0a90a21184466ce161"	"SP"	76	3850.28	8.6	4.13	1.0	31.8	"Gold — Strong seller"
"f00e21b1e91a79653163b7fd8f293ff1"	"SP"	30	3836.19	11.5	4.10	0.0	14.4	"Gold — Strong seller"
"ec8879960bd2221d5c32f8e12f7da711"	"SP"	34	3827.60	16.3	4.29	17.6	20.3	"Silver — Average seller"
"232a6014e7b10cba61c6c2b2ea6bb4b0"	"SP"	32	3819.97	13.6	4.09	5.7	31.3	"Gold — Strong seller"
"d5ba419e26d246a0719437cf37d9b46d"	"SP"	32	3806.50	9.8	3.91	9.1	13.0	"Silver — Average seller"
"2e13c71026e1a39ba5cc1b86dcb679aa"	"SP"	24	3793.00	10.4	4.25	7.1	13.6	"Platinum — Elite seller"
"6860153b69cc696d5dcfe1cdaaafcf62"	"SP"	73	3785.64	9.9	4.16	7.2	38.9	"Gold — Strong seller"
"3f3486b61f45078d4f31ee5e43d8c5bb"	"SP"	39	3769.73	13.9	4.33	15.4	23.4	"Gold — Strong seller"
"2199e7fe213c16213bf5d6a7eadc9a5d"	"SP"	24	3767.29	11.2	4.40	3.3	14.4	"Platinum — Elite seller"
"f0b47fbbc6dee9aafe415a6e33051b3f"	"SP"	67	3766.92	10.4	4.26	9.4	35.1	"Platinum — Elite seller"
"891071be6ba827b591264c90c2ae8a63"	"SP"	85	3763.35	13.2	3.86	16.7	31.7	"Silver — Average seller"
"edf96ef93ed595084bbcbd9224bd2894"	"SP"	25	3757.00	13.7	3.79	10.7	16.2	"Silver — Average seller"
"13d058e4eeac2ce8217660b2f8a05812"	"SP"	22	3739.78	11.4	4.18	13.6	24.3	"Gold — Strong seller"
"7d76b645482be4a332374e8223836592"	"SP"	170	3727.35	13.3	3.97	11.0	67.0	"Silver — Average seller"
"3c4e0452bff7a2a788179488d3d77032"	"PR"	31	3719.50	13.2	3.74	2.9	15.9	"Silver — Average seller"
"23a0ffca143a15b9b5bbdb7d552f626a"	"SP"	23	3718.51	11.1	3.96	12.5	15.8	"Silver — Average seller"
"520b493b57809f446cb0a233bb3e25c7"	"SP"	63	3698.90	7.4	4.38	2.7	28.8	"Platinum — Elite seller"
"c0563dd588b775f2e37747ef6ad6c92c"	"SP"	28	3697.20	10.9	4.36	10.7	10.8	"Gold — Strong seller"
"822166ed1e47908f7cfb49946d03c726"	"RJ"	68	3677.35	13.9	3.92	0.9	48.1	"Silver — Average seller"
"5f5b43b2bffa8656e4bc6efeb13cc649"	"SP"	27	3677.20	14.0	4.45	3.4	15.1	"Gold — Strong seller"
"6a0cbc8af2e8abd1bdfb777943d174c6"	"SP"	33	3673.15	15.5	4.03	9.1	19.3	"Silver — Average seller"
"33ac3e28642ab8bda860a2f693000e78"	"SP"	34	3661.03	8.7	4.23	0.0	13.4	"Platinum — Elite seller"
"8b2492b7ff4468839593fafeed55bad9"	"RJ"	29	3660.08	15.0	3.89	11.1	18.5	"Silver — Average seller"
"56642bcb79900e777d68e91915cb4267"	"SP"	48	3657.64	14.2	3.77	16.1	22.3	"Silver — Average seller"
"7f2617c58d5d06806987308b45654351"	"SP"	22	3656.80	12.3	3.87	8.7	8.9	"Silver — Average seller"
"5d3bb11474a06bdc23fb9e89f1164ee0"	"SP"	31	3654.60	9.7	3.94	3.1	14.3	"Silver — Average seller"
"42fa4ee7240e9b8eb4576358ec142ba7"	"RS"	21	3646.70	6.9	4.81	0.0	13.9	"Platinum — Elite seller"
"2745f798279e0ed033addcc1474776d7"	"SP"	31	3642.93	13.6	3.97	9.7	18.9	"Silver — Average seller"
"1eade46fba20122dc4aefb379f8c636b"	"SP"	58	3635.37	12.1	4.31	13.3	28.6	"Gold — Strong seller"
"e49c26c3edfa46d227d5121a6b6e4d37"	"PE"	34	3624.35	11.7	4.51	0.0	31.5	"Platinum — Elite seller"
"271c58a1d139c45eaf3316107c6d3a3b"	"SP"	27	3597.63	13.2	4.19	7.4	17.6	"Gold — Strong seller"
"8f119a0aee85c0c8fc534629734e94fd"	"SP"	75	3578.88	9.9	4.25	6.2	29.8	"Platinum — Elite seller"
"0509040ea3fe50071181bbc359eb7738"	"MG"	86	3578.45	11.4	4.49	6.3	39.0	"Platinum — Elite seller"
"99a54764c341d5dc80b4a8fac4eba3fb"	"SP"	43	3570.76	7.1	3.51	21.5	36.1	"Silver — Average seller"
"38e679b9e0064cd94c6f035707344dae"	"PR"	26	3560.99	11.2	4.15	3.7	18.2	"Gold — Strong seller"
"79ed755314cfe6df0daef2c6cd3022cd"	"SP"	22	3547.70	9.0	4.70	0.0	12.0	"Platinum — Elite seller"
"66dc1b1632bd6a3e508510c5b3492107"	"SP"	36	3542.19	10.4	3.49	2.4	19.5	"Bronze — At-risk seller"
"71039d19d4303bf9054d69e9a9236699"	"SP"	35	3537.20	13.4	3.68	26.3	17.6	"Silver — Average seller"
"96804ea39d96eb908e7c3afdb671bb9e"	"MG"	37	3530.75	13.4	3.97	2.6	20.9	"Silver — Average seller"
"c731d18cea9bf687ffee82a241c25b11"	"SC"	23	3525.00	7.4	3.96	0.0	17.3	"Silver — Average seller"
"f3da5b2ff499efb8d4a6d371d175d7dd"	"SP"	76	3520.99	11.4	3.90	13.6	31.0	"Silver — Average seller"
"ed4311e67debd72b8610a5347a743087"	"SP"	24	3496.00	8.0	4.48	4.0	19.7	"Platinum — Elite seller"
"602044f2c16190c2c6e45eb35c2e21cb"	"SP"	47	3491.67	15.4	2.96	22.2	25.5	"Bronze — At-risk seller"
"406822777a0b9eb5c50e442dd4cd3ec5"	"SP"	43	3488.19	13.2	4.36	11.1	25.4	"Gold — Strong seller"
"4559697a8f7e637227c2eeaed843baff"	"SP"	39	3486.30	12.9	4.21	7.7	20.2	"Gold — Strong seller"
"e7d5b006eb624f13074497221eb37807"	"SP"	28	3478.93	11.0	3.11	3.2	21.3	"Bronze — At-risk seller"
"f0837c8d71434931d9e38e7b79234797"	"RS"	22	3446.90	11.7	4.61	4.3	17.5	"Platinum — Elite seller"
"df560393f3a51e74553ab94004ba5c87"	"PR"	26	3429.78	18.1	3.93	7.4	16.6	"Silver — Average seller"
"276677b5d08786d5dce7c2149dcce48b"	"MG"	31	3424.20	11.1	3.89	6.7	22.3	"Silver — Average seller"
"b17b679f4f5ce2e03ce6968c62648246"	"SP"	50	3424.18	19.1	3.92	17.6	28.6	"Silver — Average seller"
"f4db9b37944bcb8873e6b456ee190bbf"	"SP"	21	3409.78	13.3	4.55	9.1	14.7	"Gold — Strong seller"
"960945e1a9535cbc0cd6ddd35fbe7ae8"	"SP"	28	3381.73	6.1	4.66	0.0	14.2	"Platinum — Elite seller"
"1b8356dabde1d35e17cef975c3f82730"	"SP"	55	3366.40	10.3	4.13	1.7	28.8	"Gold — Strong seller"
"827f8f69dfa529c561901c4f2e0f332f"	"PR"	89	3348.59	13.0	4.25	7.8	46.7	"Gold — Strong seller"
"6481e96574816ead57975da2c0f6d80d"	"SP"	32	3324.90	7.3	4.14	2.3	30.6	"Gold — Strong seller"
"6b90f847357d8981edd79a1eb1bf0acb"	"SP"	45	3322.08	5.5	4.36	4.3	22.2	"Platinum — Elite seller"
"3d8fa2f5b647373c8620330c4e077a9f"	"SP"	41	3297.74	9.2	4.19	2.3	22.1	"Gold — Strong seller"
"994f04b3718c2bab35c2adfa8afecd2a"	"SP"	47	3289.80	13.5	4.33	7.3	22.9	"Gold — Strong seller"
"db4350fd57ae30082dec7acbaacc17f9"	"SP"	135	3282.33	10.9	4.15	4.2	62.4	"Gold — Strong seller"
"070d165398b553f3b4b851c216b8a358"	"SP"	30	3273.18	11.0	3.54	13.5	28.5	"Silver — Average seller"
"594f9aaa48e5bf431f011ddc5669b0d5"	"MG"	37	3248.80	7.9	4.58	2.6	27.3	"Platinum — Elite seller"
"a938325a4b357fd23a6a4d5bb126408e"	"RJ"	24	3231.00	13.1	3.88	4.0	17.4	"Silver — Average seller"
"643214e62b870443ccbe55ab29a4dccf"	"SP"	65	3229.23	9.5	4.41	13.6	27.6	"Gold — Strong seller"
"4c18691b6037662be2df78a765d98ab5"	"SP"	63	3195.52	9.1	3.84	7.5	35.1	"Silver — Average seller"
"d57e18d5f73c7ccb7f7339b61166898d"	"SP"	61	3187.70	9.0	4.44	3.2	29.0	"Platinum — Elite seller"
"e48b04bf1aa1ef711caebeb7aede6180"	"PR"	25	3187.10	10.5	4.48	0.0	20.3	"Platinum — Elite seller"
"e89c4adbe7b1d0819dbb636e16461cf1"	"SP"	24	3181.30	14.8	3.88	12.0	14.3	"Silver — Average seller"
"870d0118f7a9d85960f29ad89d5d989a"	"MG"	45	3157.20	14.9	4.02	4.9	40.3	"Gold — Strong seller"
"c8b3445d737de6befde0c88ede534a5e"	"SP"	30	3149.04	11.4	3.97	2.8	20.7	"Silver — Average seller"
"5c6d4016c2a288f074fa0848a2b653d2"	"SP"	31	3100.00	11.1	4.21	8.8	16.1	"Platinum — Elite seller"
"95f83f51203c626648c875dd41874c7f"	"MG"	50	3077.66	11.1	3.22	4.6	50.5	"Bronze — At-risk seller"
"f61c63d13f7cd800549d5acdd390ae72"	"SP"	26	3072.30	11.7	4.00	7.7	14.0	"Gold — Strong seller"
"b8555308bfdb4ca1ed54325a58da9a97"	"SP"	26	3047.20	10.3	4.07	7.1	19.1	"Gold — Strong seller"
"0ebd97a106433a45a4aebe57c1799778"	"MG"	31	3046.80	9.3	4.50	0.0	20.2	"Platinum — Elite seller"
"4da0e408c99d2fdc2126dc9fce518060"	"PR"	44	3026.00	9.2	4.44	0.0	31.0	"Platinum — Elite seller"
"aae3bfea055532c57fb453ed3ec80b30"	"SP"	47	3024.93	12.4	3.55	0.0	25.9	"Silver — Average seller"
"55f7a3319d80f7fdf078b8f03e6725fe"	"SP"	22	3013.78	6.8	3.77	9.1	13.5	"Silver — Average seller"
"2d50d6282f8aa2257819a77bfaa0efe0"	"SP"	42	3008.48	13.8	3.74	14.0	25.1	"Silver — Average seller"
"238fac594e170b59c6d228f5a4f4f1d9"	"SP"	28	3007.00	12.5	3.97	13.8	45.8	"Silver — Average seller"
"0c7533c71df861ec58ad7ff999ed0e8d"	"SP"	61	2989.30	10.6	4.08	4.1	29.2	"Gold — Strong seller"
"9646c3513289980f17226a2fc4720dbd"	"SP"	69	2964.40	12.6	4.34	7.9	40.1	"Gold — Strong seller"
"b1ac6ea7895bc3dd6f0f6f4abbdd2821"	"RS"	38	2962.00	10.2	4.53	0.0	26.1	"Platinum — Elite seller"
"3bdff180c7e1f6551a643b99c265a120"	"SP"	55	2958.30	10.4	4.18	7.0	33.4	"Gold — Strong seller"
"8cbac7e12637ed9cffa18c7875207478"	"SC"	66	2955.98	13.5	4.19	4.9	55.5	"Gold — Strong seller"
"f4aba7c0bca51484c30ab7bdc34bcdd1"	"SP"	108	2951.90	10.9	3.90	7.0	51.3	"Silver — Average seller"
"2156f2671501a81034d7d07f217609d0"	"SP"	21	2909.50	15.3	4.00	14.3	13.5	"Silver — Average seller"
"20d83f3ef0e6925fd74bfd59170babf7"	"SP"	40	2903.60	8.5	4.35	3.7	22.5	"Platinum — Elite seller"
"bd697db56ff8e7c9cd1abeb7f72029b2"	"SP"	21	2869.79	10.9	4.33	0.0	11.5	"Platinum — Elite seller"
"1771297ac436903d1dd6b0e9279aa505"	"SP"	27	2833.22	9.5	4.63	2.9	19.9	"Platinum — Elite seller"
"730937bf88cb151eb2eb849f642fc213"	"SP"	22	2821.20	7.1	4.42	3.8	16.2	"Platinum — Elite seller"
"a6fe7de3d16f6149ffe280349a8535a0"	"SP"	49	2795.00	14.7	4.06	16.0	25.6	"Gold — Strong seller"
"df56d7b40d437f88407c5f78b63bc328"	"PR"	22	2791.28	12.3	3.88	4.0	16.5	"Silver — Average seller"
"cb3dd9ce66268c7a3ca7241ac70ab58c"	"SP"	48	2788.32	13.8	4.20	6.0	29.4	"Gold — Strong seller"
"5f1dc28029d2c244352a68107ec2b542"	"SP"	61	2759.80	9.4	4.43	7.8	35.8	"Platinum — Elite seller"
"1838dd9b8977065acf51d95e0053ea7a"	"MG"	62	2750.50	12.6	4.34	4.6	44.1	"Gold — Strong seller"
"3fd1e727ba94cfe122d165e176ce7967"	"SP"	35	2747.40	15.6	3.97	19.4	20.0	"Silver — Average seller"
"977f9f63dd360c2a32ece2f93ad6d306"	"SP"	23	2730.07	12.5	3.92	12.5	32.7	"Silver — Average seller"
"3b872fd4747f01cc56206f2934198618"	"SP"	25	2726.74	14.4	3.89	14.8	40.9	"Silver — Average seller"
"5cbbd5a299cab112b7bf23862255e43e"	"PR"	36	2726.06	10.8	4.32	0.0	24.2	"Platinum — Elite seller"
"33576ec5412fb5905d876f12f33bfde6"	"PR"	31	2718.00	14.6	4.13	3.1	21.0	"Gold — Strong seller"
"31561f325664a8a7aba4c8d0c3a9b3db"	"SP"	36	2702.19	7.4	4.58	2.6	23.2	"Platinum — Elite seller"
"974cf2cb8f4b7add98709c30df02fe10"	"SP"	30	2694.70	11.3	4.17	3.3	18.5	"Gold — Strong seller"
"432c37c9dfba871172ec162e20118b8c"	"DF"	44	2679.87	15.7	4.29	14.5	34.9	"Silver — Average seller"
"c9aafcd0621b2207c10e32c649cada4d"	"SP"	40	2671.26	9.0	4.34	8.5	30.6	"Platinum — Elite seller"
"f7ccf836d21b2fb1de37564105216cc1"	"SP"	67	2670.40	10.4	3.86	8.5	40.4	"Silver — Average seller"
"d93919c944be9cff128f6c9cb899eacb"	"SP"	33	2666.70	22.9	4.00	18.2	35.9	"Silver — Average seller"
"ccf8813e5a7d6c84d865cd38bfc2b130"	"SP"	26	2635.50	11.4	4.38	7.7	15.8	"Platinum — Elite seller"
"8d79c8a04e42d722a75097ce5cbcf2ef"	"CE"	26	2627.82	19.6	4.59	14.8	27.4	"Silver — Average seller"
"8ab42aa58097fd4668d60cc648225d5f"	"GO"	20	2616.75	11.1	4.15	0.0	22.7	"Gold — Strong seller"
"a17f621c590ea0fab3d5d883e1630ec6"	"SP"	61	2607.60	11.8	4.18	6.8	39.8	"Gold — Strong seller"
"e99e927c81e3f51739c94fcdfca9f10f"	"MG"	21	2597.85	14.0	3.63	16.7	24.6	"Silver — Average seller"
"244c2f1bff6afe1f2eaf9bfe9b2aed38"	"SP"	23	2580.00	15.4	3.63	14.8	47.1	"Silver — Average seller"
"0885aaf116795758dfeb5f1032487bcd"	"SP"	27	2573.10	5.7	4.24	3.4	19.4	"Platinum — Elite seller"
"1ce3ae5a399804d1a87e706f8a813c3e"	"SC"	40	2563.00	13.7	3.73	9.1	33.3	"Silver — Average seller"
"cd06602b43d8800bd0afad514919d35c"	"SP"	43	2555.31	12.0	3.73	3.8	28.7	"Silver — Average seller"
"157c3e4b42f81ac4a44e8b1ca2fe9876"	"SP"	23	2548.50	10.4	3.97	6.5	22.9	"Silver — Average seller"
"b76dba6c951ab00dc4edf0a1aa88037e"	"SP"	155	2523.33	10.2	4.19	3.0	89.2	"Gold — Strong seller"
"b335c59ab742f751a85db9c411a86739"	"MG"	30	2494.11	16.8	3.94	6.5	21.8	"Silver — Average seller"
"cea729054f157f5870bdd321a958d994"	"SP"	24	2482.10	7.2	4.19	3.8	14.1	"Gold — Strong seller"
"2a1348e9addc1af5aaa619b1a3679d6b"	"MG"	47	2467.50	23.6	3.04	28.0	28.8	"Bronze — At-risk seller"
"1c40343cc5d18c2d8248ac2f3366de34"	"SP"	21	2461.41	7.4	4.55	9.1	15.4	"Platinum — Elite seller"
"cce6ab8d1682639fe45ab70234f1665f"	"SP"	61	2442.70	15.5	4.53	4.7	46.5	"Silver — Average seller"
"318f287a62ab7ac10b703ac37435a231"	"SP"	51	2432.48	12.2	3.92	11.5	45.1	"Silver — Average seller"
"82bd0703a4aefd6b599e5bfdaed378fb"	"SP"	20	2394.28	12.2	3.83	4.3	15.8	"Silver — Average seller"
"efcd8d2104f1a05d028af7bad20d974b"	"SP"	46	2384.79	10.2	4.20	2.0	35.2	"Platinum — Elite seller"
"cfe94489ddd337d1e29e12f2a7205d10"	"SP"	20	2376.00	7.8	4.13	20.8	12.5	"Silver — Average seller"
"d3f39f05462b79a4562d35893a28f159"	"SP"	33	2363.40	12.1	3.32	13.5	22.4	"Bronze — At-risk seller"
"5160d23075764e18e07c1f4a87fad743"	"SP"	33	2359.00	9.4	4.45	2.6	20.3	"Platinum — Elite seller"
"3504c0cb71d7fa48d967e0e4c94d59d9"	"SP"	53	2349.94	7.3	4.42	0.0	29.3	"Platinum — Elite seller"
"fd386aa7bed2af3c7035c65506c9b4a3"	"SP"	69	2304.15	8.3	4.36	10.5	43.9	"Gold — Strong seller"
"5a93f3ab0ef4c84ed5e1b5dbf23978bc"	"SP"	38	2299.28	15.1	4.81	2.3	28.4	"Silver — Average seller"
"323ce52b5b81df2cd804b017b7f09aa7"	"SP"	28	2294.40	16.4	4.43	14.3	16.3	"Silver — Average seller"
"1d4587203296c8f4ad134dc286fa6db0"	"SP"	40	2287.50	9.5	4.37	4.9	28.6	"Platinum — Elite seller"
"dd533b429f380718b70ad9922c294bae"	"SP"	39	2244.88	16.8	3.86	11.6	48.6	"Silver — Average seller"
"ede0c03645598cdfc63ca8237acbe73d"	"SP"	42	2233.15	17.9	3.67	31.1	30.4	"Silver — Average seller"
"b83cedfb587e7911540e3f576d6917ce"	"SP"	24	2224.95	10.1	4.24	8.0	15.5	"Platinum — Elite seller"
"fb89df7f89fd1b8f03fa2acca1ba7364"	"PR"	22	2220.00	15.6	3.84	8.0	21.1	"Silver — Average seller"
"77a515caa36327151d1cc6c32a9f00e1"	"SP"	26	2217.39	10.3	4.42	11.5	17.9	"Gold — Strong seller"
"14a08204d03bb6b6bde8029f801ae0eb"	"SP"	28	2185.40	8.6	3.82	0.0	27.2	"Silver — Average seller"
"850913d59ce317156b00f3705f1c3edb"	"SP"	29	2183.00	13.5	3.50	16.7	23.8	"Silver — Average seller"
"b74d1c09cb380e1d03a6f859c6f4224b"	"RJ"	30	2174.61	11.5	4.24	15.8	37.2	"Gold — Strong seller"
"4992e76a42cb3aad7a7047e0d3d7e729"	"SP"	56	2171.20	8.3	3.88	6.8	45.7	"Silver — Average seller"
"0ffa40d54288e4f3499b8780dd0f144f"	"SP"	33	2162.80	13.5	4.40	14.3	27.0	"Gold — Strong seller"
"cac876b37d3abcd6bd76caca30277996"	"PR"	26	2161.87	12.3	4.56	15.6	32.7	"Gold — Strong seller"
"6338ea67c41078a46ad99cc009654956"	"RS"	35	2153.39	12.7	4.61	0.0	40.5	"Gold — Strong seller"
"e8f6dc8e6a1dcde89d20e3995c8d90b3"	"SP"	35	2148.74	12.7	3.57	6.8	93.9	"Silver — Average seller"
"b56906f7fd1696e043f1bcce164c487b"	"SP"	40	2148.49	13.6	3.95	4.8	39.4	"Silver — Average seller"
"f214d28e8d8e3ef068748498ccc2f813"	"SP"	51	2117.44	10.1	4.13	7.1	35.3	"Gold — Strong seller"
"e9511df20ccd82658a30c37b7fb343af"	"SP"	22	2096.60	9.7	4.47	0.0	34.7	"Platinum — Elite seller"
"7f7b8245c336066a1f9933c359f11d77"	"SP"	38	2094.36	7.9	4.56	2.3	25.6	"Platinum — Elite seller"
"e38db885400cd35c71dfd162f2c1dbcf"	"DF"	30	2066.80	12.7	4.50	12.5	32.5	"Gold — Strong seller"
"f615fe7efbef0f4f08fd3086bc7a3e60"	"SP"	22	2061.37	7.5	4.52	8.7	17.9	"Platinum — Elite seller"
"412a4720f3e9431b4afa1476a1acddbe"	"SP"	21	2058.10	10.5	4.27	4.5	24.8	"Platinum — Elite seller"
"f7720c4fa8e3aba4546301ab80ea1f1b"	"PR"	59	2043.55	9.9	4.23	3.9	64.5	"Platinum — Elite seller"
"78c99c6dff4eeae5be99bf635ed21e3f"	"SP"	31	2030.88	14.0	4.33	12.8	32.7	"Gold — Strong seller"
"0ed6ce5d87fd9c69eaacaeb778d67235"	"SP"	41	2011.53	15.2	4.39	12.2	32.4	"Silver — Average seller"
"116ccb1a1604bc88e4d234a8c23f33de"	"SP"	61	2004.89	8.8	4.60	5.5	47.1	"Platinum — Elite seller"
"0bb738e4d789e63e2267697c42d35a2d"	"SP"	28	1979.40	11.9	4.62	3.4	29.9	"Platinum — Elite seller"
"c013e57c075a06e5b5c48ee03c525719"	"SP"	42	1971.55	9.4	4.16	8.9	43.5	"Gold — Strong seller"
"f41ce2e25237f9092cd8e6e7516c7a2f"	"SP"	26	1961.90	8.7	4.44	0.0	16.5	"Platinum — Elite seller"
"bf84056e679dbe9c69929847a40e338f"	"SP"	35	1918.08	12.4	3.76	7.9	22.9	"Silver — Average seller"
"6df688df543f90e9b38f4319e75a9d88"	"MG"	39	1891.76	8.3	4.51	0.0	40.7	"Platinum — Elite seller"
"5debea795b07621e1f90532e18f96145"	"PR"	25	1883.78	10.3	4.27	0.0	26.8	"Platinum — Elite seller"
"4e5725ba188db8252977a4f0227bd462"	"SP"	21	1865.09	20.8	3.54	29.2	19.5	"Silver — Average seller"
"daeb5653dd96c1b11860f72209795012"	"MG"	38	1864.10	11.4	4.23	7.7	31.6	"Platinum — Elite seller"
"7ade73f1b9b4e965f9009a4c3a7e2c15"	"SP"	26	1835.30	9.7	4.78	0.0	23.9	"Platinum — Elite seller"
"95ec4458365c4d11f452ccf538377619"	"SP"	26	1819.43	5.6	4.27	0.0	23.5	"Platinum — Elite seller"
"a5a1bfcf728ab0e19182959cf0771ee4"	"SP"	21	1812.96	13.6	4.29	8.3	19.2	"Gold — Strong seller"
"729b2d09b2a0bdab221076327f13d050"	"SP"	48	1805.21	12.2	4.58	6.7	51.8	"Gold — Strong seller"
"a36b125ac6d5fdbc7f50de85c9157bdc"	"SP"	23	1793.65	12.9	4.04	12.0	20.8	"Gold — Strong seller"
"272f092de69afedd4d2969440b37f18f"	"SP"	24	1784.43	9.2	4.08	0.0	27.9	"Gold — Strong seller"
"3481aa57cd91f9f9d3fa1fa12d9a3bf7"	"SP"	25	1773.03	10.2	3.88	0.0	43.7	"Silver — Average seller"
"c8467937e403e76a8ee9f0ab13f6f5ef"	"MG"	28	1751.09	16.6	4.13	10.0	30.9	"Silver — Average seller"
"198c7ea11960a9844b544d9bcdca860c"	"MG"	25	1733.75	14.5	3.88	12.0	28.4	"Silver — Average seller"
"dc8798cbf453b7e0f98745e396cc5616"	"SP"	35	1733.00	13.7	3.49	7.0	30.3	"Bronze — At-risk seller"
"d3674f271c91f824f82d24d92011f669"	"DF"	20	1718.30	13.8	4.10	10.0	22.3	"Gold — Strong seller"
"c8417879a15366a17c30af34c798c332"	"SP"	24	1715.00	9.1	4.03	5.9	25.2	"Gold — Strong seller"
"d97df38225e5abadaff1e72cb72b823c"	"SP"	27	1700.00	12.4	3.93	18.5	28.6	"Silver — Average seller"
"7139dc5186aa238b006e066d8fbab2e4"	"SP"	21	1685.00	13.4	4.09	13.0	30.3	"Gold — Strong seller"
"1dc2de47ee26a0a5b12dc14fd6dc0dea"	"SP"	25	1670.30	14.7	4.52	11.1	37.0	"Gold — Strong seller"
"b2a6d334e2833acea353624840e25a0e"	"SP"	25	1650.98	10.7	4.50	0.0	23.5	"Platinum — Elite seller"
"25cf099de44674fde97473224f9d59ab"	"SP"	49	1644.36	9.5	4.33	4.1	42.4	"Platinum — Elite seller"
"1dfe5347016252a7884b694d4f10f5c4"	"SP"	20	1632.50	19.5	3.19	23.1	25.7	"Bronze — At-risk seller"
"013900e863eace745d3ec7614cab5b1a"	"PR"	23	1619.70	11.5	4.73	0.0	29.0	"Platinum — Elite seller"
"845e8036c3f7bf62099352f5ed910240"	"RJ"	21	1584.60	8.3	3.83	0.0	29.1	"Silver — Average seller"
"9b00ed88b7fdb95d6ff76e27c1b52d16"	"SP"	46	1567.88	9.0	4.58	6.0	36.2	"Platinum — Elite seller"
"2a6fbeaa7ab9e5d59a35841a8da71ce4"	"SC"	29	1562.79	14.5	3.93	6.9	39.2	"Silver — Average seller"
"39d54ff918774174706fb065d7f9dc07"	"SP"	22	1554.69	15.2	3.92	12.5	22.4	"Silver — Average seller"
"3785b653b1b82de85ab47dd139938091"	"PR"	21	1552.00	11.3	4.75	0.0	31.0	"Platinum — Elite seller"
"ffc470761de7d0232558ba5e786e57b7"	"SP"	27	1529.13	10.1	4.30	6.7	27.5	"Platinum — Elite seller"
"3586b8580d9c917874e053a1bb37b5ff"	"SP"	36	1524.70	14.1	4.44	4.7	54.3	"Gold — Strong seller"
"f918546be4bec7104d117789ba758b2b"	"SP"	20	1483.00	11.9	3.83	17.4	23.4	"Silver — Average seller"
"7ecd59e5e20407131822c1a68ac59c1f"	"DF"	24	1466.71	17.4	4.48	13.8	40.1	"Silver — Average seller"
"d1ef48b38baca7e831711c4a0aeb398f"	"PR"	28	1439.13	9.8	4.53	11.8	45.3	"Gold — Strong seller"
"3771c85bac139d2344864ede5d9341e3"	"SP"	26	1433.30	12.8	3.57	16.7	28.5	"Silver — Average seller"
"af3ef48d0e13835e529c29ac573c63e5"	"SP"	21	1405.63	7.9	3.76	4.8	33.3	"Silver — Average seller"
"d4e12e7884759a14fa0f5f896c791cae"	"SP"	29	1400.00	8.3	4.63	6.3	31.4	"Platinum — Elite seller"
"d9a84e1403de8da0c3aa531d6d108ba6"	"SP"	53	1385.30	7.5	4.62	5.2	52.3	"Platinum — Elite seller"
"42ef3192a9ff87a22d1867b74b3ee205"	"SP"	23	1354.09	9.3	4.65	0.0	22.3	"Platinum — Elite seller"
"7e26c750b4cb9f6766f58265ff9ebe95"	"MG"	23	1344.30	9.4	4.41	0.0	28.9	"Platinum — Elite seller"
"542917da124346b47ea1ac79a93ce454"	"PR"	20	1303.90	11.6	4.15	5.0	27.9	"Gold — Strong seller"
"e63e8bfa530fb16910dd6956e592bb81"	"SP"	41	1282.80	9.3	4.33	4.8	50.3	"Platinum — Elite seller"
"718539d38d07dd351c76db862760e2e2"	"SP"	35	1273.01	8.0	4.49	0.0	49.9	"Platinum — Elite seller"
"671585f5a2af58b6e276bc01003c0d2b"	"PR"	27	1244.00	5.6	4.70	0.0	36.0	"Platinum — Elite seller"
"52f9db5cfb423382a2fa5c9e39303202"	"SP"	21	1218.78	10.0	4.32	0.0	28.4	"Platinum — Elite seller"
"002100f778ceb8431b7a1020ff7ab48f"	"SP"	50	1216.60	16.2	4.04	16.7	64.0	"Silver — Average seller"
"093805f8f2aeb63881444571e1f48f30"	"SP"	22	1215.79	8.2	3.81	3.7	28.3	"Silver — Average seller"
"6426d21aca402a131fc0a5d0960a3c90"	"SP"	23	1209.64	11.0	4.17	4.3	31.8	"Gold — Strong seller"
"01fd077212124329bac32490e8ef80d9"	"SP"	31	1208.00	8.0	4.31	2.6	47.6	"Platinum — Elite seller"
"d8c7ba53e7e38711eaef8c2849d6d2e1"	"PR"	22	1190.87	8.1	4.50	0.0	50.2	"Platinum — Elite seller"
"57c764b4a836300be881e2ff86e449f9"	"SP"	27	1146.20	15.0	4.25	10.7	38.4	"Gold — Strong seller"
"0afccdb8a34ee5c79f7c06faf2b4d56e"	"MG"	23	1145.70	13.5	4.09	8.7	31.0	"Gold — Strong seller"
"5f3ae9136c875522250f8184f253413a"	"SP"	42	1143.05	7.7	4.58	6.7	52.2	"Platinum — Elite seller"
"138dbe45fc62f1e244378131a6801526"	"SP"	49	1125.56	6.2	3.98	3.4	61.2	"Silver — Average seller"
"75fbb52eda0cbc24f479d3b2fbfa8d3e"	"GO"	38	1094.19	13.9	4.49	4.9	82.3	"Gold — Strong seller"
"2709af9587499e95e803a6498a5a56e9"	"SP"	24	1081.56	12.9	2.60	51.1	49.6	"Bronze — At-risk seller"
"1464afc72f696af775557a821c2e253f"	"RJ"	29	1059.36	11.3	4.17	3.3	42.9	"Gold — Strong seller"
"7c5b05cbdb5542049f38d90d7815b97d"	"SP"	21	993.97	7.8	4.57	4.3	30.1	"Platinum — Elite seller"
"325f3178fb58e2a9778334621eecdbf9"	"SP"	36	981.70	6.3	4.46	0.0	46.0	"Platinum — Elite seller"
"4e06067cc08b3f41d837768d392c3ee3"	"MG"	31	941.72	9.8	4.17	4.3	60.8	"Gold — Strong seller"
"bc47d5d1490df2b36add65d733eafaba"	"SP"	21	929.80	13.2	3.55	9.1	40.0	"Silver — Average seller"
"4ebdc7e6cd6102a022dadc49156d4ea8"	"SP"	29	928.70	10.2	3.75	3.1	39.8	"Silver — Average seller"
"1caf283236cd69af44cbc09a0a1e7d32"	"RJ"	33	917.60	14.1	4.54	10.8	66.8	"Gold — Strong seller"
"8fdca8e349553f99bc738833a62c8802"	"SP"	21	899.35	10.3	4.36	3.6	40.8	"Platinum — Elite seller"
"6a8a889bde935bafa76d7848782dfaf9"	"SP"	26	860.82	7.6	3.93	6.7	42.7	"Silver — Average seller"
"bf00385a5f7fc1ef39a13c2e9ee50a5f"	"SP"	28	855.40	5.8	4.43	0.0	39.0	"Platinum — Elite seller"
"20cb7c2fde3e5bf10f0bbe7394e1c6a9"	"PR"	31	845.00	12.2	3.90	10.0	92.3	"Silver — Average seller"
"113e3a788b935f48aad63e1c41dac1bd"	"SP"	38	838.03	11.9	4.40	4.3	80.1	"Platinum — Elite seller"
"28f10b1c5e5abb9d4857745bede6147c"	"SP"	28	835.00	7.6	4.00	21.4	42.0	"Silver — Average seller"
"10076e5788b8ee532724bcd460baf762"	"SP"	23	821.48	9.8	4.62	3.8	45.9	"Platinum — Elite seller"
"41c2bad7229b0c25e6becf179ebf63ff"	"RN"	20	782.00	4.7	4.96	0.0	24.3	"Platinum — Elite seller"
"808d4348b916efa08e766ebad39f61eb"	"SP"	20	712.95	8.0	4.60	5.0	37.7	"Platinum — Elite seller"
"18e694e0e48ed6f7aa3f24aade5fd697"	"SP"	31	701.54	6.1	4.68	2.9	71.9	"Platinum — Elite seller"
"3d5d0dc7073a299e31fa718ce1bc00b6"	"RJ"	21	674.80	8.3	4.27	13.6	52.2	"Gold — Strong seller"
"e21a1e8be4715b0fcfd5385643bc49c4"	"SC"	20	673.70	16.6	3.70	0.0	67.5	"Silver — Average seller"
"6b15924333bd1a741595fe981ea04822"	"SP"	21	614.32	7.8	4.67	9.5	39.1	"Platinum — Elite seller"
"0d33a55da925bbf1ff02af5f6059fc7f"	"SP"	22	547.30	8.8	4.50	4.2	70.5	"Platinum — Elite seller"
"e6a69c4a27dfdd98ffe5aa757ad744bc"	"SP"	21	508.51	10.3	4.30	0.0	54.2	"Platinum — Elite seller"
"916748bc99315c2d202898ae58b1617e"	"SP"	25	369.40	10.4	4.34	0.0	102.1	"Platinum — Elite seller"
"48efc9d94a9834137efd9ea76b065a38"	"PR"	33	345.60	10.8	5.00	0.0	92.7	"Platinum — Elite seller"
"5c853bb56f70f4d14218944bae111d7a"	"SP"	23	263.13	8.6	4.04	0.0	95.4	"Gold — Strong seller"




-- 3. SELLER TIER REVENUE SUMMARY

"seller_tier"	"seller_count"	"pct_of_sellers"	"total_orders"	"total_gmv"	"pct_of_revenue"	"avg_delivery_days"	"avg_review_score"	"avg_late_pct"
"Platinum - Elite seller"	225	28.1	19159	2498180.04	23.1	9.6	4.42	3.7
"Gold - Strong seller"	271	33.9	32656	4352020.03	40.3	12.1	4.22	7.0
"Silver - Average seller"	271	33.9	30102	3431934.59	31.8	13.8	3.90	10.0
"Bronze - At-risk Seller"	33	4.1	3327	519182.85	4.8	17.5	3.21	17.5



-- 4. SELLER GEOGRAPHIC DISTRIBUTION

"seller_state"	"unique_sellers"	"total_orders"	"total_gmv"	"avg_delivery_days"	"avg_review_score"	"late_delivery_pct"	"pct_of_sellers"
"SP"	1769	68635	8508540.28	12.3	4.05	8.5	59.56
"PR"	335	7512	1232096.99	13.4	4.13	6.5	11.28
"MG"	236	7733	977588.31	12.8	4.16	5.5	7.95
"SC"	184	3603	613591.65	13.6	4.13	5.9	6.20
"RJ"	163	4227	820611.59	12.0	4.16	8.1	5.49
"RS"	125	1962	373412.08	11.6	4.26	4.5	4.21
"GO"	39	451	64806.59	12.8	4.31	3.9	1.31
"DF"	30	808	94840.31	12.5	4.07	6.7	1.01
"ES"	22	310	46941.64	12.9	4.07	6.6	0.74
"BA"	18	550	277925.51	13.8	4.16	5.4	0.61
"CE"	12	87	19517.84	17.9	4.28	8.9	0.40
"PE"	9	403	91164.15	12.9	4.15	4.0	0.30
"PB"	6	35	16395.50	12.5	3.94	5.4	0.20
"MS"	5	49	8551.69	12.3	4.47	8.0	0.17
"RN"	5	51	9992.60	13.0	4.27	10.7	0.17
"MT"	4	136	17007.82	14.7	4.19	4.9	0.13
"SE"	2	9	1606.20	12.7	3.90	0.0	0.07
"RO"	2	14	4762.20	17.4	3.86	0.0	0.07
"MA"	1	389	36097.98	17.7	4.02	23.6	0.03
"AM"	1	3	1177.00	47.8	2.33	66.7	0.03
"PA"	1	8	1238.00	13.4	4.50	12.5	0.03
"PI"	1	11	2383.00	13.8	4.36	0.0	0.03




-- 5. AT-RISK SELLERS (THE DANGER LIST)
-- Sellers with >30 orders who consistently underperform

"seller_id"	"seller_city"	"seller_state"	"total_orders"	"total_gmv"	"avg_delivery_days"	"avg_review_score"	"negative_review_pct"	"late_delivery_pct"	"categories_sold"	"risk_category"
"1ca7077d890b907f89be8c954a02686a"	"santana de parnaiba"	"SP"	107	12324.64	15.0	2.27	63.5	19.0	3	"Critical — review crisis"
"2eb70248d66e0e3ef83659f71b244378"	"campinas"	"SP"	184	37624.95	17.9	2.81	47.4	13.9	11	"Critical — review crisis"
"602044f2c16190c2c6e45eb35c2e21cb"	"ibitinga"	"SP"	47	3491.67	15.4	2.96	44.4	22.2	1	"Critical — review crisis"
"972d0f9cf61b499a4812cf0bfa3ad3c4"	"brusque"	"SC"	79	7748.79	18.3	2.96	44.0	11.9	1	"Critical — review crisis"
"a49928bcdf77c55c6d6e05e09a9b4ca5"	"sao paulo"	"SP"	96	8646.90	16.9	2.97	43.3	25.0	3	"Critical — review crisis"
"8e6d7754bc7e0f22c96d255ebda59eba"	"sao jose dos campos"	"SP"	84	14107.38	14.1	2.99	45.0	12.4	1	"Critical — review crisis"
"2a1348e9addc1af5aaa619b1a3679d6b"	"belo horizonte"	"MG"	47	2467.50	23.6	3.04	40.0	28.0	12	"Moderate risk"
"bbad7e518d7af88a0897397ffdca1979"	"sao paulo"	"SP"	67	4406.42	15.3	3.05	44.6	22.9	8	"Moderate risk"
"54965bbe3e4f07ae045b90b0b8541f52"	"foz do iguacu"	"PR"	69	9807.00	26.9	3.07	42.1	31.6	1	"High risk — consistently slow"
"5058e8c1e82653974541e83690655b4a"	"itaquaquecetuba"	"SP"	61	9352.85	26.3	3.08	37.3	13.3	4	"High risk — consistently slow"
"8444e55c1f13cd5c179851e5ca5ebd00"	"congonhal"	"MG"	92	21480.96	21.3	3.16	38.2	10.8	12	"Moderate risk"
"95f83f51203c626648c875dd41874c7f"	"borda da mata"	"MG"	50	3077.66	11.1	3.22	44.6	4.6	2	"Moderate risk"
"835f0f7810c76831d6c7d24c7a646d4d"	"sao paulo"	"SP"	42	4990.20	18.5	3.31	33.3	31.3	2	"Moderate risk"
"d3f39f05462b79a4562d35893a28f159"	"mococa"	"SP"	33	2363.40	12.1	3.32	40.5	13.5	2	"Moderate risk"
"b2479f944e1b90cf8a5de1bbfde284d6"	"ibitinga"	"SP"	100	4623.54	15.4	3.33	34.4	14.8	3	"Moderate risk"
"ad781527c93d00d89a11eecd9dcad7c1"	"sao jose do rio preto"	"SP"	38	6039.63	25.5	3.34	34.2	31.6	1	"High risk — consistently slow"
"2a261b5b644fa05f4f2700eb93544f2c"	"porto ferreira"	"SP"	51	5355.00	14.5	3.34	36.6	22.0	1	"Moderate risk"
"7c67e1448b00f6e969d365cea6b010ab"	"itaquaquecetuba"	"SP"	967	185170.23	22.4	3.35	29.3	9.5	6	"Moderate risk"
"88460e8ebdecbfecb5f9601833981930"	"maringa"	"PR"	245	31244.15	18.2	3.36	31.8	19.4	1	"Moderate risk"
"c60b801f2d52c7f7f91de00870882a75"	"guarulhos"	"SP"	39	11296.50	16.1	3.44	28.2	20.5	4	"Moderate risk"
"712e6ed8aa4aa1fa65dab41fed5737e4"	"videira"	"SC"	76	38796.00	23.3	3.46	34.5	20.2	1	"Moderate risk"
"710e3548e02bc1d2831dfc4f1b5b14d4"	"rolandia"	"PR"	130	22259.26	14.1	3.46	30.1	3.7	9	"Moderate risk"
"897060da8b9a21f655304d50fd935913"	"ribeirao preto"	"SP"	301	21654.91	14.4	3.47	29.3	11.2	4	"Moderate risk"
"dc8798cbf453b7e0f98745e396cc5616"	"sao paulo"	"SP"	35	1733.00	13.7	3.49	30.2	7.0	3	"Moderate risk"
"82e0a475a88cc9595229d8029273f045"	"sao paulo"	"SP"	41	10748.02	15.3	3.49	32.9	6.3	2	"Moderate risk"
"a7f13822ceb966b076af67121f87b063"	"itaquaquecetuba"	"SP"	72	11840.72	21.6	3.49	25.3	4.8	5	"Moderate risk"
"66dc1b1632bd6a3e508510c5b3492107"	"jau"	"SP"	36	3542.19	10.4	3.49	29.3	2.4	7	"Moderate risk"
"6fd52c528dcb38be2eea044946b811f8"	"sao paulo"	"SP"	66	7625.68	21.2	3.50	34.1	11.0	1	"Moderate risk"
"cee48807215b30a12ca2ca10ffb5f250"	"guaruja"	"SP"	39	7212.23	23.4	3.70	25.0	15.0	2	"Moderate risk"
"d93919c944be9cff128f6c9cb899eacb"	"mombuca"	"SP"	33	2666.70	22.9	4.00	18.2	18.2	2	"Moderate risk"
"66e0557ecc2b4dbea057e93f215f68d8"	"sao paulo"	"SP"	30	12141.00	31.7	4.03	13.3	26.7	1	"High risk — consistently slow"
"17f51e7198701186712e53a39c564617"	"sao paulo"	"SP"	56	48019.00	22.8	4.34	8.2	8.2	1	"Moderate risk"




"delivery_type"	"total_orders"	"avg_delivery_days"	"avg_review_score"	"late_delivery_pct"	"avg_freight_cost"	"freight_pct_of_price"
"Different state — long distance"	61459	15.0	4.02	8.8	23.63	18.3
"Same state — local delivery"	34608	7.9	4.20	5.9	13.45	13.0


Query 7 — Seller Concentration (Pareto Analysis)
Business question: What % of sellers generate what % of revenue?

"seller_segment"	"seller_count"	"total_gmv"	"pct_of_revenue"
"Top 1%"	30	3427546.75	25.9
"Top 5%"	119	3588220.65	27.1
"Top 10%"	148	1857080.68	14.0
"Top 20%"	297	2006305.27	15.2
"Bottom 80%"	2376	2341095.58	17.7